licence_no,utility_name,customers,node_names,n_nodes,method,distance_km,mean_congestion,owner_status
ED-2003-0043,Hydro One Networks Inc.,1477463.0,ABITIBISF-LT.AG_T1; AGIMAKDS-LT.TT_LF; AGUASABON-LT.AG12; ALANBRG28KV-LT_H1; ALEXANDER-LT.AG_T1; ALEXANDER-LT.AG_T2; ALEXANDER-LT.AG_T3; ALEXANDER-LT.AG_T4; ALGOMAEAF-LT.EAF1; ALLANBURG-LT.ENERCORP_DRA; ALLANBURG-LT.ENERNOC_DRA; ALLANBURG-LT.ENPOWINC_DRA; ALLANBURG-LT.NRGCS_DRA; ALLANBURG-LT.NRSTORCI_DRA; ALLANBURG-LT.RODANCI_DRA; ALLANBURG-LT.VOLTUS_DRA; ALLISTON-LT.LFT2; ALMONTE-LT.LFJQ; ALMONTEBESS1-LT.BATT_LF1; ALMONTEBESS1-LT.BATT_TG1; ALMONTEBESS2-LT.BATT_LF2; ALMONTEBESS2-LT.BATT_TG2; AMARANTH-LT.AG_T1; AMARANTH-LT.AG_T2; AMARANTH-LT.FA11; AMHERSTCGS-LT.AG_T1; ARDOCH-LT.T1_LF; ARMOW-LT.AG_T1T2; ARNPRIOR-LT.AG12; ARNPRIOR-LT.TT1_LF; AUXSAUBLE-LT.G1; AYLMER-LT.TT_LF; BALMERCTS-115.T1_LFA; BARRETT-LT.AG13; BARRETT-LT.AG24; BARRICK-LT.T1_LF; BARWICK-LT.LFBY; BATLEMTNGOLD-LT.T1_LF; BATTERSEA-LT.TT12_LF; BEARDMORE-LT.T12; BEAVERTON-LT.LFJQ; BELLCREEK-LT.TT_LF; BELLERIVERTS-LT.LFBQ; BLAKEWF-LT.AG_T1; BLOOMSBURG-LT_LF; BORNISH-LT.AG_T1; BROCKVLE-LT.LFBQ; BROWNHILL-LT.LFB; BRUCE-LT.ENERCORP_DRA; BRUCE-LT.G1; BRUCE-LT.G2; BRUCE-LT.G3; BRUCE-LT.G4; BRUCE-LT.SG1; BRUCE-LT.SG2; BRUCE-LT.SG3; BRUCE-LT.SG4; BRUCE-LT.VOLTUS_DRA; BRUCEB-LT.G5; BRUCEB-LT.G6; BRUCEB-LT.G7; BRUCEB-LT.G8; BRUCEB-LT.SG5; BRUCEB-LT.SG6; BRUCEB-LT.SG7; BRUCEB-LT.SG8; BRUCEHWB-LT.T7_LF; BURLEIGH-LT.T1_LF; CALEDONIA-LT_HALD; CALMLAKE-LT.G1; CALSTOCKDS-LT.T1A_LF; CALSTOCKGS-LT.G1; CAMERONFALLS-LT.AG17; CAMERONFALLS-LT.AG234; CAMERONFALLS-LT.AG56; CANYON-LT.AG145_A; CANYON-LT.G2_A; CANYON-LT.G3_A; CARIBOUFALLS-LT.AG123; CARMEUSELIME-LT.T1_LF; CARMICHAEL-LT.G1; CARMICHAEL-LT.G2; CENTRALIA-LT.TT_LF; CHALKRIVER-LT.T1234; CHAPLEAU-LT.T2_LF; CHAPLEAU-LT.TT_LF; CHATHAM-LT.DRCTENGY_DRA; CHATHAM-LT.EDGECOM_DRA; CHATHAM-LT.EEC_DRA; CHATHAM-LT.ENERCORP_DRA; CHATHAM-LT.ENERNOC_DRA; CHATHAM-LT.ENPOWINC_DRA; CHATHAM-LT.GCPROJECT_DRA; CHATHAM-LT.NRGCS_DRA; CHATHAM-LT.NRSTORCI_DRA; CHATHAM-LT.RODANBTM_DRA; CHATHAM-LT.RODANCI_DRA; CHATHAM-LT.VOLTUS_DRA; CHATSFALLS-LT.AG_115; CHATSFALLS-LT.AG_230; CHENAUX-LT.AG1234; CHENAUX-LT.AG5678; CHESTERVL-LT.T1_LF; CLARENCE-LT.T1_LF; CLEARWATRBAY-LT.T1_LF; COBDEN-LT.T12; COBDEN-LT.T3_LF; COMBER-LT.AG_T1; COMBER-LT.AG_T2; COMMERCEWAY-LT.T1_LB; CONSTANCE-LT.TT_LF; COTEGOLDCTS-LT.LOAD-LF; COTEGOLDCTS-LT.LOAD-LF_DRA; CROSBY-LT.LFABY; CROWRIVERDS-LT.TT_LF; CRYSLER-LT.AG_T1; CRYSTALFALLS-LT.LFEZ; CUMBERLAND-LT.TT12_LF; DARLINGTON-LT.G1; DARLINGTON-LT.G2; DARLINGTON-LT.G3; DARLINGTON-LT.G4; DARLINGTON-LT.SG1; DARLINGTON-LT.SG2; DARLINGTON-LT.SG3; DARLINGTON-LT.SG4; DEEPRIVER-LT.TT_H1; DESJCHMSDS-LT.T1_LF; DESJOACHIMS-LT.AG12; DESJOACHIMS-LT.AG34; DESJOACHIMS-LT.AG56; DESJOACHIMS-LT.AG78; DESTEC-LT.G1; DESTEC-LT.G2; DOBBIN-LT.LFB; DOBBINDS-LT.T1_LF; DOUGLASPTTS-LT.T34; DOWCHEMICAL-LT.AG1245; DPNTMTLND-LT.G1; DRYDEN-LT.T1_LF; DRYDENWYRHSR-LT.AG12; DUART-LT.LFBY; DUNNVLE-LT_H1; DYMOND-LT.T34; EARFALLS-LT.AG1234; EARFALLS-LT.LF_T5; EASTLAKESCWF-LT.AG_T1; EDDYNAIRN-LT.T1_LF; ELLIOTLAKE-LT.T1_LF; EMPIRESF-LT.AG_T1; ENBRCARDINAL-LT.T1_LF; ENBRHILTON-LT.T1_LF; ENBRYANSTON-LT.T1_LF; ENFIELD-LT.T5_LB; ERIEAU-LT.AG_T1; ESSA-500:LMP; ESSA-LT.AESLNR1_DRA; ESSA-LT.EDGECOM_DRA; ESSA-LT.ENERCORP_DRA; ESSA-LT.ENERNOC_DRA; ESSA-LT.ENPOWINC_DRA; ESSA-LT.GCPROJECT_DRA; ESSA-LT.NRGCS_DRA; ESSA-LT.NRSTORCI_DRA; ESSA-LT.VOLTUS_DRA; ETONDS-LT.T1_LF; EVERETT-LT.LFBY; FALCONBRNRM-LT.TT; FALCONBRSM-LT.AT1_LF; FAUQUIER-LT.T1_LF; FERGUS-LT.LFBY; FORESTJURA-LT.TT_LF; FORESTLEA-LT.T12; GARDINER-LT.LFBJQY; GECO-LT.T1_LF; GOLDCORP-LT.T1_LF; GOSFIELD-LT.AG_T1; GOSHEN-LT.AG_T1; GRANDSF-LT.AG_T2; GRANDVALLEY3-LT.AG_T1; GRANDWF-LT.AG_T1; GRDEAST-LT.T1_LF; GREELYDS-LT.TT_LF; GREENFIELD-LT.G1; GREENFIELD-LT.G2; GREENFIELD-LT.G3; GREENFIELD-LT.G4; GREENWICH-LT.AG_T1; GREENWICH-LT.AG_T2; GRNDMOE-LT.T1_LF; GSPC-LT.G1; GSPC-LT.G2; GSPC-LT.G3; HAGERSVILLE-LT.BATT_LF1; HAGERSVILLE-LT.BATT_LF2; HAGERSVILLE-LT.BATT_LF3; HAGERSVILLE-LT.BATT_LF4; HAGERSVILLE-LT.BATT_TG1; HAGERSVILLE-LT.BATT_TG2; HAGERSVILLE-LT.BATT_TG3; HAGERSVILLE-LT.BATT_TG4; HALEYIND-LT.T1_LF; HANMER-500:LMP; HANMER-LT.DEMAND_DRA; HANMER-LT.EDGECOM_DRA; HANMER-LT.ENERCORP_DRA; HANMER-LT.ENERNOC_DRA; HANMER-LT.ENPOWINC_DRA; HANMER-LT.MCEWEN_DRA; HANMER-LT.NRGCS_DRA; HANMER-LT.NRGPEAKS_DRA; HANMER-LT.PLACERDOMECA_DRA; HANMER-LT.RODANCI_DRA; HANMER-LT.VOLTUS_DRA; HARROWSMITH-LT.T12; HAVELOCK-LT.LFBY; HEALEY-LT.AG_M4; HENVEYNORTH-LT.AG_T1N; HENVEYSOUTH-LT.AG_T1S; HERRIDGELAKE-LT.T1_LF; HINCHINBROOK-LT.T1_LF; HNDCHUTE-LT.AG_M3; HOLDEN-LT.AG1234; HOLDEN-LT.AG5678; HOLLAND-LT.T1_LFB; HOYLE-LT.T1_LF; ICESPRINGS-LT.M1_LF; IMPERIALNANT-LT.LFT1; INCO4-LT.T12; INGERSOLL-LT.LFEZ; IROQUODS-LT.T12; IVACO-LT.ALF; IVACO-LT.LFQ; IVACO-LT.LFY; JARVIS-LT.T34; JELLICO-LT.T1_LF; JERICHO-LT.AG_T1; K2WIND2-LT.AG_T20; K2WIND5-LT.AG_T10; KAKABEKA-LT.AG1234; KAPGS-LT.AG12; KAPUSKASING-LT.T5_LF; KEEWATIN-LT.LF; KENORAGS-LT.T1_LF; KENORAMS-LT.TT_LF; KEYSER-LT.T2_LF; KIDDCREEK-LT.TT; KIDDCREEKM-LT.TT_LF; KIMBERCLARK-LT.T34_LF; KIMBERCLARK-LT.TT_LF_DRA; KINGSBRIDGE-LT.AG_T1; KINGSBRIDGE-LT.AG_T2; KINGSTONSF-LT.AG_T1; KINGSVILLE-LT.T1_LF; KINROSS-LT.T1_LF; KIRKLANDLAKE-LT.KLG; KIRKLANDLAKE-LT.T34; KLEINBURG-LT.BJQY; LACDESILES-LT.T1_LF; LAFARGE-LT.T1_LFA; LAFARGE-LT.T1_LFA_DRA; LAFORESTRDDS-LT.TT_LF; LAKEHEAD-LT.NRGCS_DRA; LAKEHEAD-LT.VOLTUS_DRA; LAMBTON-230:LMP; LAMBTON-LT.LFDJQY; LANDONWF-LT.AG_T1; LARCHWOOD-LT.T2_LF; LAUZON-LT.AG_EBUS; LAUZON-LT.AG_JBUS; LAUZON-LT.LFBEJQ; LEAMINGTON-LT.LFB; LEAMINGTON-LT_GENSET; LENNOX-LT.CTG1; LENNOX-LT.CTG2; LENNOX-LT.DRCTENGY_DRA; LENNOX-LT.EDGECOM_DRA; LENNOX-LT.ENERCORP_DRA; LENNOX-LT.ENERNOC_DRA; LENNOX-LT.ENPOWINC_DRA; LENNOX-LT.G1; LENNOX-LT.G2; LENNOX-LT.G3; LENNOX-LT.G4; LENNOX-LT.NRGCS_DRA; LENNOX-LT.NRGPEAKS_DRA; LENNOX-LT.NRSTORCI_DRA; LENNOX-LT.RODANBTM_DRA; LENNOX-LT.VOLTUS_DRA; LINDSAY-LT.LFBY; LISKEARD-LT.AG_A; LISKEARD-LT.AG_B; LISKEARD-LT.AG_C; LODGEROOM-LT.T12; LONGLAC-LT.LFBY; LONGLAKESF-LT.AG_T1; LONGSAULTE-LT.G1; LONGSAULTE-LT.G2; LONGSAULTE-LT.G3; LONGSAULTE-LT.G4; LONGUEUIL-LT.LFJQ; LONGWOODESN-LT.LFJQ; LOWERNOTCH-LT.AG12; LOWERSTGN-LT.AG_F1; LOWERWHITE-LT.AG_T1; MACASSA-LT.T12; MACASSAMILL-LT.T1_LF; MAITLAND-LT.TT_LF; MANITOUFALLS-LT.AG12345; MANITOULIN-LT.TT_LF; MANITOUWADS-LT.T1_LF; MANITOUWATS-LT.T1_LF; MANITOUWATS-TWIN-LT.AG12; MANOTICK-LT.T12; MARATHONDS-LT.T2_LF; MARGACH-LT.TT_LF; MARIONVLE-LT.T1_LF; MARTINSMEDSF-LT.AG_T1; MASSEY-LT.T1_LF; MASTRONCTS-LT.LFB; MATTABI-LT.TT_LF; MATTAWADS-LT.LFB; MAZINAW-LT.LFT1; MCLEANSMTNWF-LT.AG_T1; MEAFORD-LT.T12; MIDDLEPORT-LT.AESLNR1_DRA; MIDDLEPORT-LT.DRCTENGY_DRA; MIDDLEPORT-LT.EDGECOM_DRA; MIDDLEPORT-LT.ENERCORP_DRA; MIDDLEPORT-LT.ENERNOC_DRA; MIDDLEPORT-LT.ENPOWINC_DRA; MIDDLEPORT-LT.GCPROJECT_DRA; MIDDLEPORT-LT.HCE_DRA; MIDDLEPORT-LT.HHSC_DRA; MIDDLEPORT-LT.NRGCS_DRA; MIDDLEPORT-LT.NRSTORCI_DRA; MIDDLEPORT-LT.OPG_DRA; MIDDLEPORT-LT.RODANBTM_DRA; MIDDLEPORT-LT.RODANCI_DRA; MIDDLEPORT-LT.STELCO_DRA; MIDDLEPORT-LT.STEM_DRA; MIDDLEPORT-LT.UOG_DRA; MIDDLEPORT-LT.VOLTUS_DRA; MIDHURST-LT.LFBY; MINAKIDS-LT.TT_LF; MINDEN-LT.LF3; MISSISSAGI-230:LMP; MOE-LT.T1_LF; MONTEITH-LT.T1_LF; MOOSONEE-LT.TT_LF; MORRISBURG-LT.T1_LF; MTNCHUTE-LT.AG12; MTNCHUTEDS-LT.17T1_LF; MURILLO-LT.T1_LF; MUSKOKA-LT.LFBY; NAGAGAMI-LT.G1; NAGAGAMI-LT.G2; NAMEWAMNKN-LT.AG_T1; NANTSOLAR-LT.AG12; NAPANEE-LT.T12; NAPANEEBESS-LT.BATT_LF1; NAPANEEBESS-LT.BATT_LF2; NAPANEEBESS-LT.BATT_TG1; NAPANEEBESS-LT.BATT_TG2; NAPANEECGS-LT.G1; NAPANEECGS-LT.G2; NAPANEECGS-LT.G3; NAVAN-LT.T12; NESTORFALLS-LT.T1_LF; NEWINGTON-LT.T1_LF; NEXTSTAR-LT.T12; NIPIGON-LT.24T1_LF; NIPIGONGS-LT.G1; NIPIGONGS-LT.G2; NKENT1WF-LT.AG_T1; NORFOLK-LT.T12; NORTHBROOK-LT.T1_LF; NORTHSHORE-LT.T1_LF; NOVACORUNNA-LT.LFAB; NOVAMOORE-LT.LFAB; NOVASTCLAIR-LT.LFB; NPIROQFALLS-LT.AG123; NPKIRKLAND-LT.AG123; NPKIRKLAND-LT.AG45; NPKIRKLAND-LT.G6; NUTRITE-LT.T1_LF; ONEIDA-LT.BATT_LF1; ONEIDA-LT.BATT_LF2; ONEIDA-LT.BATT_TG1; ONEIDA-LT.BATT_TG2; ORANGEVLE-LT.LFBEYZ; ORILLIA-LT.LFBY; ORLEANSTS-LT.T1_LFQ; OTONABEE-LT.LFBJQY; OWENSOUND-LT.LFJQ; OXYVINYLS-LT.T1_LF; PALMERSTON-LT.TT_LF; PAROCHES-LT.AG_T1; PARRYSOUND-LT.BATT_LF; PARRYSOUND-LT.BATT_TG; PARRYSOUND-LT.T12; PEMBROKE-LT_H1; PERAULTFALLS-LT.T1_LF; PETAWACRAIG-LT.TT_LF; PETAWAWA-LT.T12; PICDS-LT.TT_LF; PICTON-LT.ESSROC_DRA; PICTON-LT.T12; PIKANGIKUM-LT.Q_70999-LF; PINEPORTAGE-LT.AG12; PINEPORTAGE-LT.AG34; PORTALMA-LT.AG_T1; PORTALMA2-LT.AG_T3; PORTHOPE-LT.T1_LF; PORTHOPEBESS1-LT.BATT_LF; PORTHOPEBESS1-LT.BATT_TG; PTBURWELL-LT.AG1; PUSLINCH-LT.T12; RAILBEDWF-LT.AG_SR; RAINYRIVGLD-LT.LFAB; RAINYRIVGLD-LT.LF_DRA; RAMORE-LT.T1_LF; RAYNER-LT.AG12; REDLAKE-LT.TT21_LF; REDROCK-LT.AG12; REDROCKDS-LT.T1_LF; RENISON-LT.T1_LF; RIPLEYSOUTH-LT.AG_T3; RIVERGOLD-LT.T1_LF; ROCKLAND-LT.T1_LF; ROCKLANDEAST-LT.TT12_L; ROMNEYWF-LT.AG_T1; RUSSELLDS-LT.TT12_LF; SANDUSK-LT.AG_T1; SANDYFALLS-LT.G1; SAPAWE-LT.T12; SCHREIBER-LT.T1_LF; SEAFORTH-LT.T12; SERPENT-LT.G1; SERPENT-LT.G2; SHABAQUA-LT.T1_LF; SHANNON-LT.AG_T1; SHARBOT-LT.T1_LF; SHELL-LT.LFAB; SHININGTREE-LT.25T1_S_LF; SIDNEY-LT.AG_M1; SIDNEY-LT.T1_LF; SILVERCRKSF-LT.AG_T1; SILVERFALLS-LT.G1; SIOUXNARROWS-LT.TT_LF; SLATEFALLS-LT.T1_LF; SMITHSFALLS-LT.LFJY; SMOOTHRKFCGS-LT.AG12; SMOOTHROCK-LT.TT_LF; SOUTHGATESF-LT.AG_T1; SOUTHMIDDLRD1-LT.LFJ; SOWERBY-LT.T1_LF; SPANISH-LT.T1_LF; SPENCECGS-LT.AG_T1; SPRUCEFLSPP-LT.AT789_LF; STCLAIRCGS-LT.AG_T3; STCLAIRCGS-LT.AG_T4; STELCO-LT.T1_LF; STELCO-LT.T1_LF_DRA; STEWARTVLE-LT.AG123; STEWARTVLE-LT.AG45; STEWARTVLE-LT.T67; STISIDORE-LT.LFB; STMARY-LT.TT_LF; STONEMILLS-LT.AG_T1; STRATHCONA-LT.TT_LF; STRIKER-LT.TT_LF; STURGEONFALL-LT.G2; STURGEONFALL-LT.LFB; SUMMERHAVEN-LT.AG_T1; TCPLVERMIL-LT.LF123; TEMAGAMI-LT.T1_LF; THOROLD-LT.T1_LF; THOROLDAB-LT.LFB; THOROLDACI-LT.T61_LF; THOROLDGS-LT.AG12; TILBURYBESS-LT.BATT_LF1; TILBURYBESS-LT.BATT_LF2; TILBURYBESS-LT.BATT_TG1; TILBURYBESS-LT.BATT_TG2; TILBURYWEST-LT_H1; TIMMINS-LT.T62_LF; TIMWESTMINE-LT.T1; TOYOTAWDSTCK-LT.LFJQ; TUNISGS-LT.G1; TUNISGS-LT.G2; UMBATAFALLS-LT.AG_MPT1; UNDERWOODWGS-LT.AG_T1; UNDERWOODWGS-LT.AG_T2; UPPERWHITE-LT.AG_T1; VALORA-LT.T1_LF; VERMILLION-LT.T1_LF; VERNER-LT.TT_LF; VICTORIAMINE-LT.TT_LF; VOYAGEUR-LT.T1_LF; WALLACE-LT.LFQY; WALLACEBURG-LT.TT_LF; WANSTEAD-LT.T1_LF; WARREN-LT.TT_LF; WAWAITIN-LT.AG_M8; WAWATAY-LT.G1; WAWATAY-LT.G2; WAWATAY-LT.G3; WDSTOCKLFRGE-LT.T3_LF; WDSTOCKLFRGE-LT.TT1_LF_DRA; WELLS-LT.G1; WELLS-LT.G2; WENDOVER-LT.T12; WEYERHAEUSER-LT.T1_LF_DRA; WEYERHAUS-LT.T1_LF; WHARNCLIFFE-LT.T1_LF; WHITEDOG-LT.AG123; WHITEFISH-LT.T1_LF; WHITERIVER-LT.TT_LF; WILHAVEN-LT.T12; WILIAMS-LT.TT_LF; WINDSORSF-LT.AG_T1; WINGHAM-LT.LFBY; WINSTON-LT.T1_LF; WOLFEISLAND-LT.AG_T1; WOLVERTON-LT.TT_LF; WOODSTOCK-LT_WOOD; YELLOWFALLS-LT.AG_T1; YORKBESS-LT.BATT_LF; YORKBESS-LT.BATT_TG; YORKCGS-LT.G1; YORKCGS-LT.G2; YOUNGDAVIDSN-LT.TT26; YOUNGDAVIDSN-LT.TT_LF_DRA; ZURICH-LT.AG_T1,535,in_polygon,0.0,-0.025773536928043607,
ED-2016-0360,Alectra Utilities Corporation,1086177.0,ARLEN-LT.T1_LF; ARLENBESS-LT.BATT_LF1; ARLENBESS-LT.BATT_LF2; ARLENBESS-LT.BATT_TG1; ARLENBESS-LT.BATT_TG2; BARRIE-LT.LFEQ12; BIRCHMNT-LT.G1; BIRMINGHAM-LT.ALIQ_LF1; BIRMINGHAM-LT.ALIQ_LF2; BIRMINGHAM-LT.LFBDKY1234; BRAMALEA-LT.LFBY; BRAMALEA-LT.LFEZ; BRAMALEA-LT.LFJQ; BUNTING-LT.T3_LF; BUROAK-LT.G3; BUTTONVLE-LT.LFQZ; CAMPBELL-LT.G_EASTVIEW; CAMPBELL-LT.LFBEJQYZ; CARDIFF-LT.LFBQ; CARLTON-LT.T1_LF; CEDAR-LT.TT1_LF; CHURCHLLMED-LT.T1_LFB; CLAIREVILLE-500:LMP; COOKSVLE-LT.LFEJQZ; DECEWFALLS-LT.G1; DECEWFALLS-LT.G2; DECEWND1-LT.AG5678; DOFASCO-LT.T1_LF; DOFASCO-LT.T1_LF_DRA; DOFASCO-LT.T5_LF; DOFKENILWRTH-LT.LF78; DUNDAS-LT.T1_LF; DUNDAS-LT.T5_LF; DUNDAS-LT.T6_LF; EEFW-LT.G1; EEFW-LT.G2; ELGIN-LT.T1_LF; ERINDALE-LT.LFBEJQYZ; GAGE-LT.TT1_LF; GLENDALE-LT.TT1_LF; GOREWAY-LT.LFBYZ; GOREWAY-LT.LFJ; GOREWAY-LT.LFQ; GOREWAYBESS-LT.BATT_LF; GOREWAYBESS-LT.BATT_TG; GTAA-LT.G_M12; GTAA-LT.G_M45; GTAA-LT.G_M46; GTAA-LT.LF_M12; GTAA-LT.M4546; HAMBEACH-LT.G_WOODWARD; HAMBEACH-LT.T3_LF; HAMLAKE-LT.LFBJQY; HAMNEBO-LT.LFBY; HAMNEBO-LT.LFJQ; HANLON-LT.T1_LF; HORNING-LT.LFB1; IBM-LT.LFBY; JIMYARROW-LT.LFA; KENILWORTH-LT.LF8X_DRA; KENILWORTH-LT.T23; LORNEPARK-LT.LFBJ; MARKHAM1-LT.LFBY; MARKHAM2-LT.LFJQ; MARKHAM3-LT.LFEJYZ; MARKHAM4-LT.LFPR; MARKHAMSTRGE-LT.FREG_TG; MCMASTER-LT.LFQ12; MCMASTER-LT.T1_LF_DRA; MIDHURST-LT_BARRIE; MOHAWK-LT.T1_LF; NEWTON-LT.TT_LF; PLEASANT-LT.LFBEFJQVYZ; RICHMOND1-LT.LFAB; SITHEG-LT.G11; SITHEG-LT.G12; SITHEG-LT.G13; SITHEG-LT.G15; STIRTON-LT.T1_LF; TOMKEN-LT.LFBEYZ; TRADERSBLVD-LT.L1_LF; VANSICKLE-LT.T5_LF; VAUGHAN1-LT.LFABCD; VAUGHAN1BESS-LT.BATT_LF1; VAUGHAN1BESS-LT.BATT_LF2; VAUGHAN1BESS-LT.BATT_TG1; VAUGHAN1BESS-LT.BATT_TG2; VAUGHAN2-LT.LFAB; VAUGHAN3-LT.LFA; VAUGHAN3BESS-LT.BATT_LF1; VAUGHAN3BESS-LT.BATT_LF2; VAUGHAN3BESS-LT.BATT_TG1; VAUGHAN3BESS-LT.BATT_TG2; VAUGHAN4-LT.LFA; WINONA-LT.T1_LF; WOODBRIDGE-LT_VAUG,96,in_polygon,0.0,-0.008539721024904209,
ED-2002-0497,Toronto Hydro-Electric System Limited,795394.0,AGINCOURT-LT.LFBY; BASIN-LT.TT1_LF; BASINRSVC1-LT.BATT_LF; BASINRSVC1-LT.BATT_TG; BASINRSVC2-LT.BATT_LF; BASINRSVC2-LT.BATT_TG; BATHURST-LT.LFBJQY; BERMONDSEY-LT.LFBJQY; BRIDGMAN-LT.LFJ; CARLAW-LT.T1_LF; CAVANAGH-LT.LFJQ; CECIL-LT.TT1_LF; CHARLES-LT.TT_LF; COPELAND-LT.LFT1; DUFFERIN-LT.T1_LF; DUPLEX-LT.T1_LF; ELLESMERE-LT.LFJQ; ESPLANADE-LT.TT_LF; FAIRBANK-LT.TT1_LF; FAIRCHILD-LT.LFBJQY; FINCH-LT.LFBJQY; GERRARD-LT.TT1_LF; GLENGROVE-LT.TT1_LF; HORNER-LT.LFBEJQYZ; ISLINGTON-LT.M12_LF; JOHN-LT.T2_LF; LEASIDE-LT.LFB; LESLIE-LT.LFBJQY; MAINS-LT.T3_LF; MALVERN-LT.LFJQ; MANBYW-LT.LFBYQZ; PORTLANDS-LT.G1; PORTLANDS-LT.G2; PORTLANDS-LT.G3; REXDALE-LT.LFBEZY; RICHVIEW-230.REFERENCE:LMP; RICHVIEW-LT.LFBEJY; RUNNYMEDE-LT.T3_LF; SCARBORO-LT.LFBJQY; SHEPPARD-LT.LFEJKLQZ; STRACHAN-LT.TT1_LF; TERAULEY-LT.T1_LF; WARDEN-LT.LFJQ; WILTSHIRE-LT.TT1_LF,44,in_polygon,0.0,0.0,
ED-2002-0556,Hydro Ottawa Limited,371749.0,ALBION-LT.LFBJQY; BILBERYCREEK-LT.T12; BRIDLEWOOD-LT.TT_LF; CAMBRIAN-LT.TOTAL_LOAD; CARLING-LT.TT15_LF; CENTREPOINT-LT.T12; CYRVILLE-LT.LFJQ; ELLWOOD-LT.LFJQ; ELLWOODRSVC-LT.BATT_LF; ELLWOODRSVC-LT.BATT_TG; EPWORTH-LT.T12; FALLOWFIELD-LT.G_POWERTRAIL; FALLOWFIELD-LT.TT_LF; GLOUCESTER-LT.T12; HAWTHORNE-LT.EDGECOM_DRA; HAWTHORNE-LT.ENERCORP_DRA; HAWTHORNE-LT.ENERNOC_DRA; HAWTHORNE-LT.ENPOWINC_DRA; HAWTHORNE-LT.GCPROJECT_DRA; HAWTHORNE-LT.LFB; HAWTHORNE-LT.NRGCS_DRA; HAWTHORNE-LT.RODANCI_DRA; HAWTHORNE-LT.VOLTUS_DRA; HINCHEY-LT.T3_LF; KANATA-LT.T1_LF; KINGEDWARD-LT.T3_LF; LIMEBANK-LT.LFJQ12; LINCOLNHTS-LT.T1_LF; LISGAR-LT.T1_LF; MANORDALE-LT.T12; MARCHWOOD-LT.T12; MERIVALE-LT.T1_LF; MOULTON-LT.TT_LF; NATIONALAERO-LT.T1_LF; NTLRESEARCH-LT.TT_LF; RICHMOND-LT.T1_LF; RIVERDALE-LT.T2_LF; RUSSELL-LT.T1_LF; SLATER-LT.T1_LF; SOUTHMARCH-LT.LFQY; TAOHSC-LT.AG2012; TERRYFOX-LT.LFJQ; UPLANDS-LT.TOTAL_LOAD; WOODROFFE-LT.TT13_LF,44,in_polygon,0.0,0.11681393678160915,
ED-2021-0280,GrandBridge Energy Inc. (Formerly Energy+ Inc.) | GrandBridge Energy Inc. (Formerly Brantford Power Inc.),230638.0,ADAMSBLVD-LT.L1_LF; BRANT-LT.TT13_LF; BRANTFORD-LT.LFYZ; CAMBRIDGE1-LT.LFJZ; GALT-LT.LFJY; POWERLINE-LT.LFB; POWERLINE-LT.LFY; PRESTON-LT.LFJQ,8,in_polygon,0.0,0.0,
ED-2019-0128,Elexicon Energy Inc.,179017.0,ATLANTIC-LT.LFBY; BELLEVLE-LT.LFBY; CHERRYWOOD-500:LMP; CHERRYWOOD-LT.ALECTRA_DRA; CHERRYWOOD-LT.ASHGROVE_DRA; CHERRYWOOD-LT.DEMAND_DRA; CHERRYWOOD-LT.DRCTENGY_DRA; CHERRYWOOD-LT.EDGECOM_DRA; CHERRYWOOD-LT.ENERCORP_DRA; CHERRYWOOD-LT.ENERNOC_DRA; CHERRYWOOD-LT.ENPOWINC_DRA; CHERRYWOOD-LT.GCPOWER_DRA; CHERRYWOOD-LT.GCPROJECT_DRA; CHERRYWOOD-LT.LFBY; CHERRYWOOD-LT.NORAMPTRENT_DRA; CHERRYWOOD-LT.NRGCS_DRA; CHERRYWOOD-LT.NRSTORCI_DRA; CHERRYWOOD-LT.OHMCONECT_DRA; CHERRYWOOD-LT.RODANBTM_DRA; CHERRYWOOD-LT.RODANCI_DRA; CHERRYWOOD-LT.SANOFI_DRA; CHERRYWOOD-LT.SOBEYSCI_DRA; CHERRYWOOD-LT.STEM_DRA; CHERRYWOOD-LT.UOFT_DRA; CHERRYWOOD-LT.VOLTUS_DRA; GERDAUCAM-LT.LFA; GERDAUCAM-LT.LFB_DRA; GERDAUCAM-LT.T3_LF; GERDAUWBY-LT.LFAB; GERDAUWBY-LT.T3_LF; PICKERINGA-LT.UPT1_LF; PICKERINGAPS-LT.AG12; PICKERINGB-LT.G5; PICKERINGB-LT.G6; PICKERINGB-LT.G7; PICKERINGB-LT.G8; SEATON-LT.ELEXICON_LF; UNIAVEPG-LT.L1_LF; WHITBY-LT.LFBEJQYZ; WHITBYCGS-LT.G1,40,in_polygon,0.0,8.62068965517e-06,
ED-2002-0557,London Hydro Inc.,168224.0,BUCHANAN-230:LMP; BUCHANANDESN-LT.LFBY; CLARKE-LT.LFBY; HIGHBURY-LT.TT_LF; JPII1-LT.BATT_LF; JPII1-LT.BATT_TG; NELSON-LT.TT_LF; NELSONCHP2-LT.TG; TALBOT-LT.LFBJQY; WONDERLAND-LT.LFBY,10,in_polygon,0.0,0.0,
ED-2022-0006,Enova Power Corp.,163409.0,ELMIRA-LT.BATT_LF; ELMIRA-LT.BATT_TG; ELMIRA-LT.T12; KITCHENER3-LT.T6_LF; KITCHENER4-LT.T7_LF; KITCHENER8-LT.T15_LF; KITCHENR1-LT.T12; KITCHENR7-LT.T1_LF; KITCHENR9-LT.LF111; KITCHENR9-LT.LF112; KITCHNRMS-LT.T9_LF; RUSH-LT.T12; SCHEIFELE-LT.LFBEJQZ; WATERLOO3-LT.T1_LF; WILMOT-LT.LF111,15,in_polygon,0.0,0.0,
ED-2002-0527,ENWIN Utilities Ltd.,92004.0,BRIGHTONCGS-LT.AG1-1B; BRIGHTONCGS-LT.G1A; CHRYSLER-LT.T1_LF; CRAWFORD-LT.LFEY; EASTWCGS-LT.G1; EASTWCGS-LT.G2; EASTWCGS-LT.G3; ESSEX-LT.LFB1; FORDANEX-LT.T1_LF; FORDCTS-LT.T1_LF; FORDEEP-LT.LFAB; GMCTS-LT.T1_LF; KEITH-LT.LFBY; MALDEN-LT_ENWIN; TAWINDSOR-LT.AG12; WALKER-LT.LFBY; WALKER-LT.LFEQ; WALKERBESS4-LT.BATT_LF; WALKERBESS4-LT.BATT_TG; WALKERBESS5-LT.BATT_LF; WALKERBESS5-LT.BATT_TG; WALKERBESS6-LT.BATT_LF; WALKERBESS6-LT.BATT_TG; WESTONLAKE-LT.T1_LF; WESTWINDSOR-LT.AG12; WESTWINDSOR-LT.G3,26,in_polygon,0.0,0.0,
ED-2003-0135,Oakville Hydro Electricity Distribution Inc.,78367.0,BRONTE-LT.T7_LF; FORDOAKVLE-LT.LFAB; OAKVLE-LT.LFEZ; PALERMO-LT_BURL,4,in_polygon,0.0,0.0,
ED-2003-0004,Burlington Hydro Inc.,69561.0,BURLNGTNDESN-LT.LFBJQY; CUMBERLAND-LT.LFBQ; TREMAINE-LT.LFBY,3,in_polygon,0.0,0.0,
ED-2002-0563,Entegrus Powerlines Inc.,63483.0,ADELAIDE-LT.AG_T1; DILLON-LT.AG_T1; EDGEWARE-LT.BY; KENT-LT.LFBEYZ; STRATHROY-LT.TT_LF,5,in_polygon,0.0,0.0,
ED-2002-0560,Oshawa PUC Networks Inc.,62880.0,OSHAWAGM2-LT.LFABCD; THORNTON-LT.LFBY; WILSON-LT.LFEZ; WILSON-LT.LFJQ,4,in_polygon,0.0,0.0,
ED-2007-0749,Niagara Peninsula Energy Inc.,59168.0,BEAMSVLE-LT_PENWEST; BECK2-LT.AG1112; BECK2-LT.AG1314; BECK2-LT.AG1516; BECK2-LT.AG1718; BECK2-LT.AG1920; BECK2-LT.AG2122; BECK2-LT.AG2324; BECK2-LT.AG2526; BECK2PGS-LT.APG123; BECK2PGS-LT.APG123_LF; BECK2PGS-LT.APG456; BECK2PGS-LT.APG456_LF; CYANAMIDCAN-LT.T1_LF; KALAR-LT.T1_LF; MURRAY-LT_H1DIST; MURRAY-LT_NFHEC; NIAGARAWEST-LT.LFBY; STANLEY-LT.T1_LF; VINELAND-LT_PENWEST; WESTLINWF-LT.AG_T1T2,21,in_polygon,0.0,-0.10625752599890523,
ED-2018-0233,Synergy North Corporation,57373.0,ABKENORA-LT.AG; BIRCH-LT.T2_LF; FORTWILLIAM-LT.T5_LF; PORTARTHUR-LT.T1_LF; TBAYBOWATER-LOADS; TBAYBOWATER-LT.AG36; TBAYBOWATER-LT.AT2_LF_DRA,7,in_polygon,0.0,-0.17283352778497968,
ED-2002-0559,Greater Sudbury Hydro Inc.,48230.0,CLARABELLE-LT_H1; FROOD-LT.T12; MARTINDALE-LT.LFJ; NEELONSTEEL-LT.TT_LF,4,in_polygon,0.0,0.0,
ED-2007-0624,Newmarket-Tay Power Distribution Ltd.,45039.0,ARMITAGE-LT.LFE; TWINNEY1-LT.BATT_LF; TWINNEY1-LT.BATT_TG; TWINNEY2-LT.BATT_LF; TWINNEY2-LT.BATT_TG; WAUBAUSHENE-LT.T56,6,in_polygon,0.0,0.0,
ED-2003-0014,Milton Hydro Distribution Inc.,44067.0,GLENORCHY1-LT.T1_LF; HALTON-LT.LFJQ; HALTONMTS1-LT.LFJZ; TRAFALGRDESN-LT.LFBY,4,in_polygon,0.0,0.0,
ED-2002-0517,Bluewater Power Distribution Corporation,37404.0,BAYER-LT.LFBY; CEDARPOINT-LT.AG_T1; IMPERIAL-LT.T1_LF; MODELAND-LT.LFJQ; STANDREW-LT.TT_LF; SUNCANADIAN-LT.T1_LF; SUNOCO-LT.T1_LF; TASARNIA-LT.G861; TASARNIA-LT.G871; TASARNIA-LT.G881; TASARNIA-LT.G891,11,in_polygon,0.0,-0.004826280041797282,
ED-2002-0546,PUC Distribution Inc.,34142.0,ASITUBE-LT.T1_LF; CLERGUE-LT.G1; CLERGUE-LT.G2; CLERGUE-LT.G3; FLAKEBOARD-LT.T1_LF; FLAKEBOARD-LT.TT_LF_DRA; LAKESUPERIOR-LT.GTG1; LAKESUPERIOR-LT.GTG2; LAKESUPERIOR-LT.STG1; NORTHBAY-LT.TT_LF; PATRICKSTEEL-LT.10T1_LF; PATRICKSTEEL-LT.314T_LF; PATRICKSTEEL-LT.T6_LF; PATRICKSTEEL-LT.T6_LF_DRA; SAULTRSVC-LT.BATT_LF; SAULTRSVC-LT.BATT_TG; STMARYS-LT.TT_LF,17,in_polygon,0.0,0.019039891818796423,
