timestamp_utc,da_ozp_dollars_per_mwh
2026-07-01T05:00:00+00:00,44.99
2026-07-01T06:00:00+00:00,44.2
2026-07-01T07:00:00+00:00,36.8
2026-07-01T08:00:00+00:00,36.12
2026-07-01T09:00:00+00:00,36.14
2026-07-01T10:00:00+00:00,35.7
2026-07-01T11:00:00+00:00,40.35
2026-07-01T12:00:00+00:00,52.14
2026-07-01T13:00:00+00:00,74.08
2026-07-01T14:00:00+00:00,92.57
2026-07-01T15:00:00+00:00,152.66
2026-07-01T16:00:00+00:00,212.61
2026-07-01T17:00:00+00:00,219.32
2026-07-01T18:00:00+00:00,204.11
2026-07-01T19:00:00+00:00,228.72
2026-07-01T20:00:00+00:00,220.56
2026-07-01T21:00:00+00:00,247.03
2026-07-01T22:00:00+00:00,267.66
2026-07-01T23:00:00+00:00,296.15
2026-07-02T00:00:00+00:00,283.91
2026-07-02T01:00:00+00:00,217.99
2026-07-02T02:00:00+00:00,192.39
2026-07-02T03:00:00+00:00,82.7
2026-07-02T04:00:00+00:00,71.52
2026-07-02T05:00:00+00:00,52.04
2026-07-02T06:00:00+00:00,54.76
2026-07-02T07:00:00+00:00,51.05
2026-07-02T08:00:00+00:00,40.04
2026-07-02T09:00:00+00:00,38.41
2026-07-02T10:00:00+00:00,51.7
2026-07-02T11:00:00+00:00,62.49
2026-07-02T12:00:00+00:00,75.48
2026-07-02T13:00:00+00:00,129.25
2026-07-02T14:00:00+00:00,172.87
2026-07-02T15:00:00+00:00,216.03
2026-07-02T16:00:00+00:00,216.85
2026-07-02T17:00:00+00:00,269.59
2026-07-02T18:00:00+00:00,271.16
2026-07-02T19:00:00+00:00,288.82
2026-07-02T20:00:00+00:00,290.85
2026-07-02T21:00:00+00:00,341.82
2026-07-02T22:00:00+00:00,342.11
2026-07-02T23:00:00+00:00,488.87
2026-07-03T00:00:00+00:00,396.25
2026-07-03T01:00:00+00:00,343.03
2026-07-03T02:00:00+00:00,282.3
2026-07-03T03:00:00+00:00,125.8
2026-07-03T04:00:00+00:00,83.75
2026-07-03T05:00:00+00:00,45.85
2026-07-03T06:00:00+00:00,43.59
2026-07-03T07:00:00+00:00,40.33
2026-07-03T08:00:00+00:00,40.39
2026-07-03T09:00:00+00:00,37.8
2026-07-03T10:00:00+00:00,41.17
2026-07-03T11:00:00+00:00,58.15
2026-07-03T12:00:00+00:00,62.55
2026-07-03T13:00:00+00:00,87.4
2026-07-03T14:00:00+00:00,91.32
2026-07-03T15:00:00+00:00,114.25
2026-07-03T16:00:00+00:00,142.05
2026-07-03T17:00:00+00:00,177.68
2026-07-03T18:00:00+00:00,242.38
2026-07-03T19:00:00+00:00,279.96
2026-07-03T20:00:00+00:00,337.57
2026-07-03T21:00:00+00:00,431.54
2026-07-03T22:00:00+00:00,501.53
2026-07-03T23:00:00+00:00,348.35
2026-07-04T00:00:00+00:00,315.68
2026-07-04T01:00:00+00:00,215.41
2026-07-04T02:00:00+00:00,122.13
2026-07-04T03:00:00+00:00,75.35
2026-07-04T04:00:00+00:00,48.07
2026-07-04T05:00:00+00:00,44.54
2026-07-04T06:00:00+00:00,44.19
2026-07-04T07:00:00+00:00,36.93
2026-07-04T08:00:00+00:00,36.04
2026-07-04T09:00:00+00:00,35.0
2026-07-04T10:00:00+00:00,37.62
2026-07-04T11:00:00+00:00,41.16
2026-07-04T12:00:00+00:00,44.92
2026-07-04T13:00:00+00:00,47.67
2026-07-04T14:00:00+00:00,57.12
2026-07-04T15:00:00+00:00,77.56
2026-07-04T16:00:00+00:00,87.05
2026-07-04T17:00:00+00:00,92.46
2026-07-04T18:00:00+00:00,91.41
2026-07-04T19:00:00+00:00,93.68
2026-07-04T20:00:00+00:00,113.66
2026-07-04T21:00:00+00:00,148.17
2026-07-04T22:00:00+00:00,178.95
2026-07-04T23:00:00+00:00,146.81
2026-07-05T00:00:00+00:00,111.29
2026-07-05T01:00:00+00:00,91.49
2026-07-05T02:00:00+00:00,77.14
2026-07-05T03:00:00+00:00,51.93
2026-07-05T04:00:00+00:00,48.23
2026-07-05T05:00:00+00:00,41.83
2026-07-05T06:00:00+00:00,35.0
2026-07-05T07:00:00+00:00,34.23
2026-07-05T08:00:00+00:00,29.11
2026-07-05T09:00:00+00:00,31.05
2026-07-05T10:00:00+00:00,28.2
2026-07-05T11:00:00+00:00,34.3
2026-07-05T12:00:00+00:00,34.9
2026-07-05T13:00:00+00:00,38.13
2026-07-05T14:00:00+00:00,44.79
2026-07-05T15:00:00+00:00,44.37
2026-07-05T16:00:00+00:00,46.67
2026-07-05T17:00:00+00:00,54.73
2026-07-05T18:00:00+00:00,53.74
2026-07-05T19:00:00+00:00,58.73
2026-07-05T20:00:00+00:00,66.46
2026-07-05T21:00:00+00:00,83.77
2026-07-05T22:00:00+00:00,83.11
2026-07-05T23:00:00+00:00,84.93
2026-07-06T00:00:00+00:00,75.8
2026-07-06T01:00:00+00:00,57.83
2026-07-06T02:00:00+00:00,50.62
2026-07-06T03:00:00+00:00,44.54
2026-07-06T04:00:00+00:00,38.19
2026-07-06T05:00:00+00:00,33.95
2026-07-06T06:00:00+00:00,27.83
2026-07-06T07:00:00+00:00,26.05
2026-07-06T08:00:00+00:00,29.21
2026-07-06T09:00:00+00:00,31.64
2026-07-06T10:00:00+00:00,34.29
2026-07-06T11:00:00+00:00,37.85
2026-07-06T12:00:00+00:00,38.04
2026-07-06T13:00:00+00:00,38.47
2026-07-06T14:00:00+00:00,44.58
2026-07-06T15:00:00+00:00,53.13
2026-07-06T16:00:00+00:00,50.92
2026-07-06T17:00:00+00:00,55.72
2026-07-06T18:00:00+00:00,58.62
2026-07-06T19:00:00+00:00,58.68
2026-07-06T20:00:00+00:00,66.07
2026-07-06T21:00:00+00:00,80.95
2026-07-06T22:00:00+00:00,88.17
2026-07-06T23:00:00+00:00,88.51
2026-07-07T00:00:00+00:00,84.74
2026-07-07T01:00:00+00:00,66.0
2026-07-07T02:00:00+00:00,52.97
2026-07-07T03:00:00+00:00,40.93
2026-07-07T04:00:00+00:00,42.29
2026-07-07T05:00:00+00:00,34.97
2026-07-07T06:00:00+00:00,33.46
2026-07-07T07:00:00+00:00,31.87
2026-07-07T08:00:00+00:00,31.08
2026-07-07T09:00:00+00:00,31.24
2026-07-07T10:00:00+00:00,34.02
2026-07-07T11:00:00+00:00,38.85
2026-07-07T12:00:00+00:00,43.85
2026-07-07T13:00:00+00:00,44.96
2026-07-07T14:00:00+00:00,50.57
2026-07-07T15:00:00+00:00,51.26
2026-07-07T16:00:00+00:00,62.3
2026-07-07T17:00:00+00:00,72.8
2026-07-07T18:00:00+00:00,73.04
2026-07-07T19:00:00+00:00,75.0
2026-07-07T20:00:00+00:00,79.47
2026-07-07T21:00:00+00:00,99.36
2026-07-07T22:00:00+00:00,105.75
2026-07-07T23:00:00+00:00,139.13
2026-07-08T00:00:00+00:00,98.0
2026-07-08T01:00:00+00:00,95.46
2026-07-08T02:00:00+00:00,64.22
2026-07-08T03:00:00+00:00,55.74
2026-07-08T04:00:00+00:00,43.58
2026-07-08T05:00:00+00:00,35.66
2026-07-08T06:00:00+00:00,34.46
2026-07-08T07:00:00+00:00,33.88
2026-07-08T08:00:00+00:00,30.9
2026-07-08T09:00:00+00:00,32.79
2026-07-08T10:00:00+00:00,34.31
2026-07-08T11:00:00+00:00,40.08
2026-07-08T12:00:00+00:00,43.11
2026-07-08T13:00:00+00:00,43.53
2026-07-08T14:00:00+00:00,51.1
2026-07-08T15:00:00+00:00,51.23
2026-07-08T16:00:00+00:00,56.84
2026-07-08T17:00:00+00:00,82.44
2026-07-08T18:00:00+00:00,91.74
2026-07-08T19:00:00+00:00,97.23
2026-07-08T20:00:00+00:00,102.75
2026-07-08T21:00:00+00:00,120.45
2026-07-08T22:00:00+00:00,139.42
2026-07-08T23:00:00+00:00,151.61
2026-07-09T00:00:00+00:00,123.0
2026-07-09T01:00:00+00:00,108.75
2026-07-09T02:00:00+00:00,73.7
2026-07-09T03:00:00+00:00,50.79
2026-07-09T04:00:00+00:00,46.6
2026-07-09T05:00:00+00:00,40.24
2026-07-09T06:00:00+00:00,38.3
2026-07-09T07:00:00+00:00,37.51
2026-07-09T08:00:00+00:00,37.37
2026-07-09T09:00:00+00:00,36.05
2026-07-09T10:00:00+00:00,38.32
2026-07-09T11:00:00+00:00,44.15
2026-07-09T12:00:00+00:00,52.02
2026-07-09T13:00:00+00:00,59.18
2026-07-09T14:00:00+00:00,79.13
2026-07-09T15:00:00+00:00,77.72
2026-07-09T16:00:00+00:00,85.88
2026-07-09T17:00:00+00:00,89.49
2026-07-09T18:00:00+00:00,87.72
2026-07-09T19:00:00+00:00,88.3
2026-07-09T20:00:00+00:00,101.13
2026-07-09T21:00:00+00:00,118.63
2026-07-09T22:00:00+00:00,117.18
2026-07-09T23:00:00+00:00,113.95
2026-07-10T00:00:00+00:00,109.77
2026-07-10T01:00:00+00:00,92.01
2026-07-10T02:00:00+00:00,83.77
2026-07-10T03:00:00+00:00,63.48
2026-07-10T04:00:00+00:00,50.18
2026-07-10T05:00:00+00:00,46.62
2026-07-10T06:00:00+00:00,44.13
2026-07-10T07:00:00+00:00,40.89
2026-07-10T08:00:00+00:00,38.03
2026-07-10T09:00:00+00:00,43.48
2026-07-10T10:00:00+00:00,45.43
2026-07-10T11:00:00+00:00,59.02
2026-07-10T12:00:00+00:00,70.29
2026-07-10T13:00:00+00:00,79.28
2026-07-10T14:00:00+00:00,80.23
2026-07-10T15:00:00+00:00,83.83
2026-07-10T16:00:00+00:00,91.16
2026-07-10T17:00:00+00:00,92.69
2026-07-10T18:00:00+00:00,93.29
2026-07-10T19:00:00+00:00,94.57
2026-07-10T20:00:00+00:00,102.91
2026-07-10T21:00:00+00:00,117.06
2026-07-10T22:00:00+00:00,117.15
2026-07-10T23:00:00+00:00,116.98
2026-07-11T00:00:00+00:00,112.54
2026-07-11T01:00:00+00:00,95.25
2026-07-11T02:00:00+00:00,87.34
2026-07-11T03:00:00+00:00,66.7
2026-07-11T04:00:00+00:00,51.75
2026-07-11T05:00:00+00:00,50.16
2026-07-11T06:00:00+00:00,40.13
2026-07-11T07:00:00+00:00,38.19
2026-07-11T08:00:00+00:00,35.32
2026-07-11T09:00:00+00:00,33.43
2026-07-11T10:00:00+00:00,34.42
2026-07-11T11:00:00+00:00,38.74
2026-07-11T12:00:00+00:00,42.91
2026-07-11T13:00:00+00:00,48.42
2026-07-11T14:00:00+00:00,50.2
2026-07-11T15:00:00+00:00,55.12
2026-07-11T16:00:00+00:00,60.97
2026-07-11T17:00:00+00:00,65.87
2026-07-11T18:00:00+00:00,66.51
2026-07-11T19:00:00+00:00,59.12
2026-07-11T20:00:00+00:00,77.6
2026-07-11T21:00:00+00:00,88.27
2026-07-11T22:00:00+00:00,88.4
2026-07-11T23:00:00+00:00,90.37
2026-07-12T00:00:00+00:00,87.46
2026-07-12T01:00:00+00:00,81.13
2026-07-12T02:00:00+00:00,70.06
2026-07-12T03:00:00+00:00,55.43
2026-07-12T04:00:00+00:00,48.02
2026-07-12T05:00:00+00:00,38.87
2026-07-12T06:00:00+00:00,34.49
2026-07-12T07:00:00+00:00,33.17
2026-07-12T08:00:00+00:00,32.16
2026-07-12T09:00:00+00:00,28.03
2026-07-12T10:00:00+00:00,25.23
2026-07-12T11:00:00+00:00,32.84
2026-07-12T12:00:00+00:00,35.97
2026-07-12T13:00:00+00:00,37.15
2026-07-12T14:00:00+00:00,40.08
2026-07-12T15:00:00+00:00,47.86
2026-07-12T16:00:00+00:00,51.49
2026-07-12T17:00:00+00:00,57.81
2026-07-12T18:00:00+00:00,57.41
2026-07-12T19:00:00+00:00,58.78
2026-07-12T20:00:00+00:00,76.76
2026-07-12T21:00:00+00:00,87.49
2026-07-12T22:00:00+00:00,99.35
2026-07-12T23:00:00+00:00,99.07
2026-07-13T00:00:00+00:00,96.09
2026-07-13T01:00:00+00:00,83.37
2026-07-13T02:00:00+00:00,77.03
2026-07-13T03:00:00+00:00,59.54
2026-07-13T04:00:00+00:00,43.82
2026-07-13T05:00:00+00:00,35.51
2026-07-13T06:00:00+00:00,34.1
2026-07-13T07:00:00+00:00,33.76
2026-07-13T08:00:00+00:00,32.99
2026-07-13T09:00:00+00:00,34.5
2026-07-13T10:00:00+00:00,35.52
2026-07-13T11:00:00+00:00,43.14
2026-07-13T12:00:00+00:00,49.36
2026-07-13T13:00:00+00:00,52.01
2026-07-13T14:00:00+00:00,71.91
2026-07-13T15:00:00+00:00,82.2
2026-07-13T16:00:00+00:00,89.26
2026-07-13T17:00:00+00:00,99.53
2026-07-13T18:00:00+00:00,93.37
2026-07-13T19:00:00+00:00,100.65
2026-07-13T20:00:00+00:00,102.33
2026-07-13T21:00:00+00:00,102.72
2026-07-13T22:00:00+00:00,103.0
2026-07-13T23:00:00+00:00,104.96
2026-07-14T00:00:00+00:00,101.06
2026-07-14T01:00:00+00:00,98.94
2026-07-14T02:00:00+00:00,85.06
2026-07-14T03:00:00+00:00,82.86
2026-07-14T04:00:00+00:00,61.28
2026-07-14T05:00:00+00:00,48.34
2026-07-14T06:00:00+00:00,42.73
2026-07-14T07:00:00+00:00,36.43
2026-07-14T08:00:00+00:00,34.89
2026-07-14T09:00:00+00:00,38.85
2026-07-14T10:00:00+00:00,36.5
2026-07-14T11:00:00+00:00,51.05
2026-07-14T12:00:00+00:00,84.36
2026-07-14T13:00:00+00:00,91.59
2026-07-14T14:00:00+00:00,108.94
2026-07-14T15:00:00+00:00,100.48
2026-07-14T16:00:00+00:00,129.67
2026-07-14T17:00:00+00:00,154.68
2026-07-14T18:00:00+00:00,197.34
2026-07-14T19:00:00+00:00,207.13
2026-07-14T20:00:00+00:00,268.54
2026-07-14T21:00:00+00:00,268.2
2026-07-14T22:00:00+00:00,286.81
2026-07-14T23:00:00+00:00,296.05
2026-07-15T00:00:00+00:00,291.99
2026-07-15T01:00:00+00:00,205.87
2026-07-15T02:00:00+00:00,147.9
2026-07-15T03:00:00+00:00,133.91
2026-07-15T04:00:00+00:00,84.11
2026-07-15T05:00:00+00:00,64.95
2026-07-15T06:00:00+00:00,61.61
2026-07-15T07:00:00+00:00,56.23
2026-07-15T08:00:00+00:00,52.85
2026-07-15T09:00:00+00:00,49.11
2026-07-15T10:00:00+00:00,53.03
2026-07-15T11:00:00+00:00,79.29
2026-07-15T12:00:00+00:00,140.01
2026-07-15T13:00:00+00:00,140.08
2026-07-15T14:00:00+00:00,183.4
2026-07-15T15:00:00+00:00,185.61
2026-07-15T16:00:00+00:00,186.86
2026-07-15T17:00:00+00:00,210.79
2026-07-15T18:00:00+00:00,209.74
2026-07-15T19:00:00+00:00,184.55
2026-07-15T20:00:00+00:00,171.82
2026-07-15T21:00:00+00:00,174.11
2026-07-15T22:00:00+00:00,176.25
2026-07-15T23:00:00+00:00,207.24
2026-07-16T00:00:00+00:00,188.31
2026-07-16T01:00:00+00:00,131.12
2026-07-16T02:00:00+00:00,103.81
2026-07-16T03:00:00+00:00,99.02
2026-07-16T04:00:00+00:00,60.11
2026-07-16T05:00:00+00:00,46.33
2026-07-16T06:00:00+00:00,34.4
2026-07-16T07:00:00+00:00,33.8
2026-07-16T08:00:00+00:00,33.22
2026-07-16T09:00:00+00:00,34.58
2026-07-16T10:00:00+00:00,39.35
2026-07-16T11:00:00+00:00,54.89
2026-07-16T12:00:00+00:00,55.04
2026-07-16T13:00:00+00:00,59.67
2026-07-16T14:00:00+00:00,70.52
2026-07-16T15:00:00+00:00,88.06
2026-07-16T16:00:00+00:00,89.83
2026-07-16T17:00:00+00:00,104.29
2026-07-16T18:00:00+00:00,91.1
2026-07-16T19:00:00+00:00,96.54
2026-07-16T20:00:00+00:00,99.03
2026-07-16T21:00:00+00:00,99.77
2026-07-16T22:00:00+00:00,100.74
2026-07-16T23:00:00+00:00,100.32
2026-07-17T00:00:00+00:00,96.34
2026-07-17T01:00:00+00:00,95.0
2026-07-17T02:00:00+00:00,91.19
2026-07-17T03:00:00+00:00,75.42
2026-07-17T04:00:00+00:00,55.5
2026-07-17T05:00:00+00:00,40.21
2026-07-17T06:00:00+00:00,34.36
2026-07-17T07:00:00+00:00,32.41
2026-07-17T08:00:00+00:00,31.94
2026-07-17T09:00:00+00:00,32.83
2026-07-17T10:00:00+00:00,36.46
2026-07-17T11:00:00+00:00,40.34
2026-07-17T12:00:00+00:00,43.78
2026-07-17T13:00:00+00:00,49.26
2026-07-17T14:00:00+00:00,50.21
2026-07-17T15:00:00+00:00,52.45
2026-07-17T16:00:00+00:00,64.69
2026-07-17T17:00:00+00:00,69.33
2026-07-17T18:00:00+00:00,68.24
2026-07-17T19:00:00+00:00,72.41
2026-07-17T20:00:00+00:00,72.06
2026-07-17T21:00:00+00:00,73.15
2026-07-17T22:00:00+00:00,83.66
2026-07-17T23:00:00+00:00,71.89
2026-07-18T00:00:00+00:00,70.18
2026-07-18T01:00:00+00:00,58.43
2026-07-18T02:00:00+00:00,50.07
2026-07-18T03:00:00+00:00,41.95
2026-07-18T04:00:00+00:00,41.89
2026-07-18T05:00:00+00:00,40.15
2026-07-18T06:00:00+00:00,33.1
2026-07-18T07:00:00+00:00,32.5
2026-07-18T08:00:00+00:00,27.18
2026-07-18T09:00:00+00:00,26.39
2026-07-18T10:00:00+00:00,23.13
2026-07-18T11:00:00+00:00,30.63
2026-07-18T12:00:00+00:00,36.18
2026-07-18T13:00:00+00:00,42.41
2026-07-18T14:00:00+00:00,51.0
2026-07-18T15:00:00+00:00,57.45
2026-07-18T16:00:00+00:00,57.91
2026-07-18T17:00:00+00:00,60.69
2026-07-18T18:00:00+00:00,60.04
2026-07-18T19:00:00+00:00,53.37
2026-07-18T20:00:00+00:00,51.0
2026-07-18T21:00:00+00:00,58.93
2026-07-18T22:00:00+00:00,52.05
2026-07-18T23:00:00+00:00,47.54
2026-07-19T00:00:00+00:00,49.59
2026-07-19T01:00:00+00:00,51.06
2026-07-19T02:00:00+00:00,49.32
2026-07-19T03:00:00+00:00,41.14
2026-07-19T04:00:00+00:00,38.33
2026-07-19T05:00:00+00:00,36.25
2026-07-19T06:00:00+00:00,35.51
2026-07-19T07:00:00+00:00,31.02
2026-07-19T08:00:00+00:00,30.56
2026-07-19T09:00:00+00:00,29.62
2026-07-19T10:00:00+00:00,27.77
2026-07-19T11:00:00+00:00,31.42
2026-07-19T12:00:00+00:00,32.77
2026-07-19T13:00:00+00:00,33.67
2026-07-19T14:00:00+00:00,35.73
2026-07-19T15:00:00+00:00,34.78
2026-07-19T16:00:00+00:00,36.92
2026-07-19T17:00:00+00:00,39.39
2026-07-19T18:00:00+00:00,39.09
2026-07-19T19:00:00+00:00,39.62
2026-07-19T20:00:00+00:00,40.43
2026-07-19T21:00:00+00:00,53.58
2026-07-19T22:00:00+00:00,63.2
2026-07-19T23:00:00+00:00,64.99
2026-07-20T00:00:00+00:00,65.47
2026-07-20T01:00:00+00:00,58.87
2026-07-20T02:00:00+00:00,52.09
2026-07-20T03:00:00+00:00,40.95
2026-07-20T04:00:00+00:00,38.97
2026-07-20T05:00:00+00:00,31.09
2026-07-20T06:00:00+00:00,27.25
2026-07-20T07:00:00+00:00,27.72
2026-07-20T08:00:00+00:00,26.22
2026-07-20T09:00:00+00:00,25.62
2026-07-20T10:00:00+00:00,33.26
2026-07-20T11:00:00+00:00,40.58
2026-07-20T12:00:00+00:00,37.32
2026-07-20T13:00:00+00:00,38.56
2026-07-20T14:00:00+00:00,42.04
2026-07-20T15:00:00+00:00,42.29
2026-07-20T16:00:00+00:00,41.6
2026-07-20T17:00:00+00:00,44.68
2026-07-20T18:00:00+00:00,46.47
2026-07-20T19:00:00+00:00,47.42
2026-07-20T20:00:00+00:00,56.32
2026-07-20T21:00:00+00:00,66.65
2026-07-20T22:00:00+00:00,70.54
2026-07-20T23:00:00+00:00,70.95
2026-07-21T00:00:00+00:00,63.8
2026-07-21T01:00:00+00:00,57.36
2026-07-21T02:00:00+00:00,41.22
2026-07-21T03:00:00+00:00,39.35
2026-07-21T04:00:00+00:00,35.74
2026-07-21T05:00:00+00:00,30.16
2026-07-21T06:00:00+00:00,25.98
2026-07-21T07:00:00+00:00,25.11
2026-07-21T08:00:00+00:00,25.88
2026-07-21T09:00:00+00:00,25.41
2026-07-21T10:00:00+00:00,26.9
2026-07-21T11:00:00+00:00,33.73
2026-07-21T12:00:00+00:00,34.74
2026-07-21T13:00:00+00:00,37.42
2026-07-21T14:00:00+00:00,41.14
2026-07-21T15:00:00+00:00,41.03
2026-07-21T16:00:00+00:00,50.96
2026-07-21T17:00:00+00:00,55.3
2026-07-21T18:00:00+00:00,54.18
2026-07-21T19:00:00+00:00,54.78
2026-07-21T20:00:00+00:00,59.3
2026-07-21T21:00:00+00:00,65.15
2026-07-21T22:00:00+00:00,57.1
2026-07-21T23:00:00+00:00,55.31
2026-07-22T00:00:00+00:00,55.07
2026-07-22T01:00:00+00:00,47.53
2026-07-22T02:00:00+00:00,41.6
2026-07-22T03:00:00+00:00,37.25
2026-07-22T04:00:00+00:00,37.46
2026-07-22T05:00:00+00:00,29.84
2026-07-22T06:00:00+00:00,24.49
2026-07-22T07:00:00+00:00,24.53
2026-07-22T08:00:00+00:00,24.52
2026-07-22T09:00:00+00:00,30.81
2026-07-22T10:00:00+00:00,30.45
2026-07-22T11:00:00+00:00,35.48
2026-07-22T12:00:00+00:00,37.19
2026-07-22T13:00:00+00:00,35.03
2026-07-22T14:00:00+00:00,34.96
2026-07-22T15:00:00+00:00,35.84
2026-07-22T16:00:00+00:00,38.74
2026-07-22T17:00:00+00:00,37.45
2026-07-22T18:00:00+00:00,38.12
2026-07-22T19:00:00+00:00,37.97
2026-07-22T20:00:00+00:00,35.48
2026-07-22T21:00:00+00:00,48.01
2026-07-22T22:00:00+00:00,49.81
2026-07-22T23:00:00+00:00,53.8
2026-07-23T00:00:00+00:00,54.78
2026-07-23T01:00:00+00:00,52.07
2026-07-23T02:00:00+00:00,47.2
2026-07-23T03:00:00+00:00,39.12
2026-07-23T04:00:00+00:00,34.15
2026-07-23T05:00:00+00:00,30.08
2026-07-23T06:00:00+00:00,31.79
2026-07-23T07:00:00+00:00,28.11
2026-07-23T08:00:00+00:00,29.33
2026-07-23T09:00:00+00:00,32.09
2026-07-23T10:00:00+00:00,32.04
2026-07-23T11:00:00+00:00,35.71
2026-07-23T12:00:00+00:00,35.29
2026-07-23T13:00:00+00:00,35.6
2026-07-23T14:00:00+00:00,36.13
2026-07-23T15:00:00+00:00,37.19
2026-07-23T16:00:00+00:00,38.08
2026-07-23T17:00:00+00:00,43.02
2026-07-23T18:00:00+00:00,43.06
2026-07-23T19:00:00+00:00,40.3
2026-07-23T20:00:00+00:00,43.33
2026-07-23T21:00:00+00:00,54.14
2026-07-23T22:00:00+00:00,55.28
2026-07-23T23:00:00+00:00,60.71
2026-07-24T00:00:00+00:00,60.56
2026-07-24T01:00:00+00:00,51.23
2026-07-24T02:00:00+00:00,41.5
2026-07-24T03:00:00+00:00,39.81
2026-07-24T04:00:00+00:00,37.33
2026-07-24T05:00:00+00:00,33.04
2026-07-24T06:00:00+00:00,29.64
2026-07-24T07:00:00+00:00,28.19
2026-07-24T08:00:00+00:00,28.14
2026-07-24T09:00:00+00:00,28.9
2026-07-24T10:00:00+00:00,29.28
2026-07-24T11:00:00+00:00,34.13
2026-07-24T12:00:00+00:00,34.49
2026-07-24T13:00:00+00:00,35.41
2026-07-24T14:00:00+00:00,37.17
2026-07-24T15:00:00+00:00,36.32
2026-07-24T16:00:00+00:00,40.88
2026-07-24T17:00:00+00:00,43.79
2026-07-24T18:00:00+00:00,44.17
2026-07-24T19:00:00+00:00,47.96
2026-07-24T20:00:00+00:00,51.32
2026-07-24T21:00:00+00:00,63.06
2026-07-24T22:00:00+00:00,62.89
2026-07-24T23:00:00+00:00,73.38
2026-07-25T00:00:00+00:00,63.93
2026-07-25T01:00:00+00:00,55.08
2026-07-25T02:00:00+00:00,43.92
2026-07-25T03:00:00+00:00,39.25
2026-07-25T04:00:00+00:00,38.28
2026-07-25T05:00:00+00:00,32.77
2026-07-25T06:00:00+00:00,33.27
2026-07-25T07:00:00+00:00,32.38
2026-07-25T08:00:00+00:00,31.33
2026-07-25T09:00:00+00:00,32.26
2026-07-25T10:00:00+00:00,32.0
2026-07-25T11:00:00+00:00,32.44
2026-07-25T12:00:00+00:00,34.99
2026-07-25T13:00:00+00:00,36.74
2026-07-25T14:00:00+00:00,42.16
2026-07-25T15:00:00+00:00,41.07
2026-07-25T16:00:00+00:00,44.44
2026-07-25T17:00:00+00:00,45.25
2026-07-25T18:00:00+00:00,45.58
2026-07-25T19:00:00+00:00,51.07
2026-07-25T20:00:00+00:00,56.62
2026-07-25T21:00:00+00:00,67.26
2026-07-25T22:00:00+00:00,72.33
2026-07-25T23:00:00+00:00,72.06
2026-07-26T00:00:00+00:00,64.85
2026-07-26T01:00:00+00:00,58.54
2026-07-26T02:00:00+00:00,50.78
2026-07-26T03:00:00+00:00,44.51
2026-07-26T04:00:00+00:00,41.23
2026-07-26T05:00:00+00:00,30.32
2026-07-26T06:00:00+00:00,30.17
2026-07-26T07:00:00+00:00,29.67
2026-07-26T08:00:00+00:00,27.36
2026-07-26T09:00:00+00:00,29.37
2026-07-26T10:00:00+00:00,28.22
2026-07-26T11:00:00+00:00,30.24
2026-07-26T12:00:00+00:00,33.17
2026-07-26T13:00:00+00:00,35.88
2026-07-26T14:00:00+00:00,40.04
2026-07-26T15:00:00+00:00,41.31
2026-07-26T16:00:00+00:00,45.99
2026-07-26T17:00:00+00:00,51.69
2026-07-26T18:00:00+00:00,52.8
2026-07-26T19:00:00+00:00,61.09
2026-07-26T20:00:00+00:00,65.52
2026-07-26T21:00:00+00:00,90.25
2026-07-26T22:00:00+00:00,87.6
2026-07-26T23:00:00+00:00,83.66
2026-07-27T00:00:00+00:00,78.56
2026-07-27T01:00:00+00:00,78.73
2026-07-27T02:00:00+00:00,60.02
2026-07-27T03:00:00+00:00,49.15
2026-07-27T04:00:00+00:00,41.4
2026-07-27T05:00:00+00:00,36.03
2026-07-27T06:00:00+00:00,32.11
2026-07-27T07:00:00+00:00,30.29
2026-07-27T08:00:00+00:00,29.37
2026-07-27T09:00:00+00:00,32.64
2026-07-27T10:00:00+00:00,36.22
2026-07-27T11:00:00+00:00,43.51
2026-07-27T12:00:00+00:00,47.57
2026-07-27T13:00:00+00:00,47.14
2026-07-27T14:00:00+00:00,60.44
2026-07-27T15:00:00+00:00,73.13
2026-07-27T16:00:00+00:00,97.93
2026-07-27T17:00:00+00:00,97.55
2026-07-27T18:00:00+00:00,114.48
2026-07-27T19:00:00+00:00,113.82
2026-07-27T20:00:00+00:00,112.96
2026-07-27T21:00:00+00:00,146.96
2026-07-27T22:00:00+00:00,155.46
2026-07-27T23:00:00+00:00,115.09
2026-07-28T00:00:00+00:00,101.98
2026-07-28T01:00:00+00:00,97.19
2026-07-28T02:00:00+00:00,85.23
2026-07-28T03:00:00+00:00,60.21
2026-07-28T04:00:00+00:00,41.93
2026-07-28T05:00:00+00:00,37.07
2026-07-28T06:00:00+00:00,35.08
2026-07-28T07:00:00+00:00,33.78
2026-07-28T08:00:00+00:00,33.87
2026-07-28T09:00:00+00:00,34.46
2026-07-28T10:00:00+00:00,38.02
2026-07-28T11:00:00+00:00,49.81
2026-07-28T12:00:00+00:00,63.13
2026-07-28T13:00:00+00:00,66.05
2026-07-28T14:00:00+00:00,66.74
2026-07-28T15:00:00+00:00,72.07
2026-07-28T16:00:00+00:00,76.67
2026-07-28T17:00:00+00:00,76.2
2026-07-28T18:00:00+00:00,66.14
2026-07-28T19:00:00+00:00,66.14
2026-07-28T20:00:00+00:00,67.03
2026-07-28T21:00:00+00:00,65.27
2026-07-28T22:00:00+00:00,56.76
2026-07-28T23:00:00+00:00,56.19
2026-07-29T00:00:00+00:00,57.2
2026-07-29T01:00:00+00:00,50.05
2026-07-29T02:00:00+00:00,47.28
2026-07-29T03:00:00+00:00,40.47
2026-07-29T04:00:00+00:00,40.9
2026-07-29T05:00:00+00:00,37.3
2026-07-29T06:00:00+00:00,34.76
2026-07-29T07:00:00+00:00,33.14
2026-07-29T08:00:00+00:00,33.17
2026-07-29T09:00:00+00:00,34.29
2026-07-29T10:00:00+00:00,33.15
2026-07-29T11:00:00+00:00,37.63
2026-07-29T12:00:00+00:00,41.03
2026-07-29T13:00:00+00:00,39.01
2026-07-29T14:00:00+00:00,41.23
2026-07-29T15:00:00+00:00,41.84
2026-07-29T16:00:00+00:00,41.61
2026-07-29T17:00:00+00:00,48.5
2026-07-29T18:00:00+00:00,44.36
2026-07-29T19:00:00+00:00,56.13
2026-07-29T20:00:00+00:00,57.02
2026-07-29T21:00:00+00:00,66.05
2026-07-29T22:00:00+00:00,64.49
2026-07-29T23:00:00+00:00,72.59
2026-07-30T00:00:00+00:00,66.16
2026-07-30T01:00:00+00:00,64.62
2026-07-30T02:00:00+00:00,57.82
2026-07-30T03:00:00+00:00,46.11
2026-07-30T04:00:00+00:00,41.11
2026-07-30T05:00:00+00:00,37.07
2026-07-30T06:00:00+00:00,32.4
2026-07-30T07:00:00+00:00,31.44
2026-07-30T08:00:00+00:00,31.49
2026-07-30T09:00:00+00:00,34.22
2026-07-30T10:00:00+00:00,34.41
2026-07-30T11:00:00+00:00,40.37
2026-07-30T12:00:00+00:00,45.53
2026-07-30T13:00:00+00:00,43.87
2026-07-30T14:00:00+00:00,49.31
2026-07-30T15:00:00+00:00,53.54
2026-07-30T16:00:00+00:00,59.61
2026-07-30T17:00:00+00:00,66.46
2026-07-30T18:00:00+00:00,67.95
2026-07-30T19:00:00+00:00,62.27
2026-07-30T20:00:00+00:00,76.12
2026-07-30T21:00:00+00:00,93.91
2026-07-30T22:00:00+00:00,96.44
2026-07-30T23:00:00+00:00,112.02
2026-07-31T00:00:00+00:00,96.51
2026-07-31T01:00:00+00:00,91.7
2026-07-31T02:00:00+00:00,65.99
2026-07-31T03:00:00+00:00,51.67
2026-07-31T04:00:00+00:00,41.38
2026-07-31T05:00:00+00:00,32.45
2026-07-31T06:00:00+00:00,31.87
2026-07-31T07:00:00+00:00,30.0
2026-07-31T08:00:00+00:00,29.3
2026-07-31T09:00:00+00:00,31.64
2026-07-31T10:00:00+00:00,33.37
2026-07-31T11:00:00+00:00,34.49
2026-07-31T12:00:00+00:00,40.45
2026-07-31T13:00:00+00:00,42.37
2026-07-31T14:00:00+00:00,47.82
2026-07-31T15:00:00+00:00,50.81
2026-07-31T16:00:00+00:00,62.5
2026-07-31T17:00:00+00:00,72.09
2026-07-31T18:00:00+00:00,78.91
2026-07-31T19:00:00+00:00,79.73
2026-07-31T20:00:00+00:00,88.29
2026-07-31T21:00:00+00:00,91.8
2026-07-31T22:00:00+00:00,99.17
2026-07-31T23:00:00+00:00,108.05
2026-08-01T00:00:00+00:00,81.04
2026-08-01T01:00:00+00:00,82.07
2026-08-01T02:00:00+00:00,69.27
2026-08-01T03:00:00+00:00,55.33
2026-08-01T04:00:00+00:00,43.67
2026-08-01T05:00:00+00:00,38.27
2026-08-01T06:00:00+00:00,34.36
2026-08-01T07:00:00+00:00,32.51
2026-08-01T08:00:00+00:00,32.22
2026-08-01T09:00:00+00:00,32.3
2026-08-01T10:00:00+00:00,31.46
2026-08-01T11:00:00+00:00,32.66
2026-08-01T12:00:00+00:00,38.57
2026-08-01T13:00:00+00:00,45.11
2026-08-01T14:00:00+00:00,60.43
2026-08-01T15:00:00+00:00,66.74
2026-08-01T16:00:00+00:00,72.85
2026-08-01T17:00:00+00:00,81.41
2026-08-01T18:00:00+00:00,85.59
2026-08-01T19:00:00+00:00,82.89
2026-08-01T20:00:00+00:00,85.37
2026-08-01T21:00:00+00:00,86.85
2026-08-01T22:00:00+00:00,81.85
2026-08-01T23:00:00+00:00,75.11
2026-08-02T00:00:00+00:00,69.2
2026-08-02T01:00:00+00:00,61.23
2026-08-02T02:00:00+00:00,55.88
2026-08-02T03:00:00+00:00,41.9
2026-08-02T04:00:00+00:00,41.33
2026-08-02T05:00:00+00:00,40.93
2026-08-02T06:00:00+00:00,33.11
2026-08-02T07:00:00+00:00,32.19
2026-08-02T08:00:00+00:00,31.62
2026-08-02T09:00:00+00:00,31.02
2026-08-02T10:00:00+00:00,26.48
2026-08-02T11:00:00+00:00,30.3
2026-08-02T12:00:00+00:00,32.98
2026-08-02T13:00:00+00:00,41.27
2026-08-02T14:00:00+00:00,43.93
2026-08-02T15:00:00+00:00,52.04
2026-08-02T16:00:00+00:00,61.22
2026-08-02T17:00:00+00:00,65.28
2026-08-02T18:00:00+00:00,50.32
2026-08-02T19:00:00+00:00,49.52
2026-08-02T20:00:00+00:00,50.43
2026-08-02T21:00:00+00:00,49.03
2026-08-02T22:00:00+00:00,46.42
2026-08-02T23:00:00+00:00,40.27
2026-08-03T00:00:00+00:00,34.76
2026-08-03T01:00:00+00:00,43.91
2026-08-03T02:00:00+00:00,39.27
2026-08-03T03:00:00+00:00,36.38
2026-08-03T04:00:00+00:00,37.66
2026-08-03T05:00:00+00:00,33.79
2026-08-03T06:00:00+00:00,31.7
2026-08-03T07:00:00+00:00,30.85
2026-08-03T08:00:00+00:00,29.52
2026-08-03T09:00:00+00:00,29.61
2026-08-03T10:00:00+00:00,29.09
2026-08-03T11:00:00+00:00,29.27
2026-08-03T12:00:00+00:00,32.34
2026-08-03T13:00:00+00:00,33.75
2026-08-03T14:00:00+00:00,38.75
2026-08-03T15:00:00+00:00,36.25
2026-08-03T16:00:00+00:00,40.81
2026-08-03T17:00:00+00:00,48.05
2026-08-03T18:00:00+00:00,51.38
2026-08-03T19:00:00+00:00,51.32
2026-08-03T20:00:00+00:00,68.24
2026-08-03T21:00:00+00:00,83.6
2026-08-03T22:00:00+00:00,85.25
2026-08-03T23:00:00+00:00,85.28
2026-08-04T00:00:00+00:00,79.67
2026-08-04T01:00:00+00:00,69.43
2026-08-04T02:00:00+00:00,61.88
2026-08-04T03:00:00+00:00,41.51
2026-08-04T04:00:00+00:00,38.52
2026-08-04T05:00:00+00:00,31.36
2026-08-04T06:00:00+00:00,29.16
2026-08-04T07:00:00+00:00,24.82
2026-08-04T08:00:00+00:00,25.96
2026-08-04T09:00:00+00:00,31.03
2026-08-04T10:00:00+00:00,33.35
2026-08-04T11:00:00+00:00,37.14
2026-08-04T12:00:00+00:00,39.49
2026-08-04T13:00:00+00:00,36.65
2026-08-04T14:00:00+00:00,39.7
2026-08-04T15:00:00+00:00,39.67
2026-08-04T16:00:00+00:00,55.69
2026-08-04T17:00:00+00:00,79.16
2026-08-04T18:00:00+00:00,88.82
2026-08-04T19:00:00+00:00,92.4
2026-08-04T20:00:00+00:00,95.55
2026-08-04T21:00:00+00:00,109.34
2026-08-04T22:00:00+00:00,114.1
2026-08-04T23:00:00+00:00,113.09
2026-08-05T00:00:00+00:00,105.13
2026-08-05T01:00:00+00:00,97.6
2026-08-05T02:00:00+00:00,76.98
2026-08-05T03:00:00+00:00,61.27
2026-08-05T04:00:00+00:00,42.73
2026-08-05T05:00:00+00:00,33.77
2026-08-05T06:00:00+00:00,31.57
2026-08-05T07:00:00+00:00,29.2
2026-08-05T08:00:00+00:00,26.75
2026-08-05T09:00:00+00:00,32.42
2026-08-05T10:00:00+00:00,34.64
2026-08-05T11:00:00+00:00,37.41
2026-08-05T12:00:00+00:00,49.59
2026-08-05T13:00:00+00:00,52.01
2026-08-05T14:00:00+00:00,65.28
2026-08-05T15:00:00+00:00,73.34
2026-08-05T16:00:00+00:00,82.21
2026-08-05T17:00:00+00:00,91.9
2026-08-05T18:00:00+00:00,99.73
2026-08-05T19:00:00+00:00,97.75
2026-08-05T20:00:00+00:00,123.48
2026-08-05T21:00:00+00:00,157.04
2026-08-05T22:00:00+00:00,160.97
2026-08-05T23:00:00+00:00,145.63
2026-08-06T00:00:00+00:00,121.28
2026-08-06T01:00:00+00:00,111.37
2026-08-06T02:00:00+00:00,92.54
2026-08-06T03:00:00+00:00,85.62
2026-08-06T04:00:00+00:00,50.24
2026-08-06T05:00:00+00:00,35.57
2026-08-06T06:00:00+00:00,35.86
2026-08-06T07:00:00+00:00,34.8
2026-08-06T08:00:00+00:00,34.25
2026-08-06T09:00:00+00:00,37.9
2026-08-06T10:00:00+00:00,41.62
2026-08-06T11:00:00+00:00,53.06
2026-08-06T12:00:00+00:00,69.76
2026-08-06T13:00:00+00:00,66.75
2026-08-06T14:00:00+00:00,88.03
2026-08-06T15:00:00+00:00,99.7
2026-08-06T16:00:00+00:00,116.26
2026-08-06T17:00:00+00:00,133.24
2026-08-06T18:00:00+00:00,126.71
2026-08-06T19:00:00+00:00,117.94
2026-08-06T20:00:00+00:00,144.75
2026-08-06T21:00:00+00:00,179.83
2026-08-06T22:00:00+00:00,192.68
2026-08-06T23:00:00+00:00,153.0
2026-08-07T00:00:00+00:00,132.67
2026-08-07T01:00:00+00:00,118.46
2026-08-07T02:00:00+00:00,102.78
2026-08-07T03:00:00+00:00,76.07
2026-08-07T04:00:00+00:00,54.44
2026-08-07T05:00:00+00:00,61.41
2026-08-07T06:00:00+00:00,53.98
2026-08-07T07:00:00+00:00,50.17
2026-08-07T08:00:00+00:00,49.17
2026-08-07T09:00:00+00:00,49.77
2026-08-07T10:00:00+00:00,61.63
2026-08-07T11:00:00+00:00,67.01
2026-08-07T12:00:00+00:00,69.65
2026-08-07T13:00:00+00:00,78.86
2026-08-07T14:00:00+00:00,96.95
2026-08-07T15:00:00+00:00,93.05
2026-08-07T16:00:00+00:00,162.04
2026-08-07T17:00:00+00:00,128.6
2026-08-07T18:00:00+00:00,128.54
2026-08-07T19:00:00+00:00,197.79
2026-08-07T20:00:00+00:00,146.44
2026-08-07T21:00:00+00:00,172.29
2026-08-07T22:00:00+00:00,129.7
2026-08-07T23:00:00+00:00,110.68
2026-08-08T00:00:00+00:00,109.12
2026-08-08T01:00:00+00:00,101.65
2026-08-08T02:00:00+00:00,76.67
2026-08-08T03:00:00+00:00,73.41
2026-08-08T04:00:00+00:00,53.7
2026-08-08T05:00:00+00:00,49.04
2026-08-08T06:00:00+00:00,42.67
2026-08-08T07:00:00+00:00,42.0
2026-08-08T08:00:00+00:00,41.51
2026-08-08T09:00:00+00:00,41.05
2026-08-08T10:00:00+00:00,41.53
2026-08-08T11:00:00+00:00,49.3
2026-08-08T12:00:00+00:00,59.87
2026-08-08T13:00:00+00:00,66.77
2026-08-08T14:00:00+00:00,69.19
2026-08-08T15:00:00+00:00,69.31
2026-08-08T16:00:00+00:00,87.13
2026-08-08T17:00:00+00:00,89.21
2026-08-08T18:00:00+00:00,90.63
2026-08-08T19:00:00+00:00,93.46
2026-08-08T20:00:00+00:00,100.38
2026-08-08T21:00:00+00:00,109.92
2026-08-08T22:00:00+00:00,119.52
2026-08-08T23:00:00+00:00,113.04
2026-08-09T00:00:00+00:00,107.16
2026-08-09T01:00:00+00:00,93.49
2026-08-09T02:00:00+00:00,80.46
2026-08-09T03:00:00+00:00,72.34
2026-08-09T04:00:00+00:00,60.62
2026-08-09T05:00:00+00:00,42.48
2026-08-09T06:00:00+00:00,41.86
2026-08-09T07:00:00+00:00,37.98
2026-08-09T08:00:00+00:00,35.35
2026-08-09T09:00:00+00:00,33.13
2026-08-09T10:00:00+00:00,32.77
2026-08-09T11:00:00+00:00,32.62
2026-08-09T12:00:00+00:00,37.41
2026-08-09T13:00:00+00:00,41.16
2026-08-09T14:00:00+00:00,47.76
2026-08-09T15:00:00+00:00,63.17
2026-08-09T16:00:00+00:00,73.84
2026-08-09T17:00:00+00:00,69.99
2026-08-09T18:00:00+00:00,71.92
2026-08-09T19:00:00+00:00,79.58
2026-08-09T20:00:00+00:00,93.33
2026-08-09T21:00:00+00:00,108.15
2026-08-09T22:00:00+00:00,110.19
2026-08-09T23:00:00+00:00,114.17
2026-08-10T00:00:00+00:00,104.43
2026-08-10T01:00:00+00:00,94.49
2026-08-10T02:00:00+00:00,89.3
2026-08-10T03:00:00+00:00,80.22
2026-08-10T04:00:00+00:00,52.92
2026-08-10T05:00:00+00:00,40.61
2026-08-10T06:00:00+00:00,39.4
2026-08-10T07:00:00+00:00,34.23
2026-08-10T08:00:00+00:00,36.26
2026-08-10T09:00:00+00:00,36.65
2026-08-10T10:00:00+00:00,45.66
2026-08-10T11:00:00+00:00,54.87
2026-08-10T12:00:00+00:00,66.8
2026-08-10T13:00:00+00:00,74.21
2026-08-10T14:00:00+00:00,81.98
2026-08-10T15:00:00+00:00,89.88
2026-08-10T16:00:00+00:00,101.19
2026-08-10T17:00:00+00:00,106.79
2026-08-10T18:00:00+00:00,111.05
2026-08-10T19:00:00+00:00,110.25
2026-08-10T20:00:00+00:00,139.55
2026-08-10T21:00:00+00:00,177.25
2026-08-10T22:00:00+00:00,178.64
2026-08-10T23:00:00+00:00,180.67
2026-08-11T00:00:00+00:00,138.27
2026-08-11T01:00:00+00:00,114.65
2026-08-11T02:00:00+00:00,100.08
2026-08-11T03:00:00+00:00,80.02
2026-08-11T04:00:00+00:00,62.59
2026-08-11T05:00:00+00:00,49.44
2026-08-11T06:00:00+00:00,44.3
2026-08-11T07:00:00+00:00,42.49
2026-08-11T08:00:00+00:00,41.67
2026-08-11T09:00:00+00:00,46.44
2026-08-11T10:00:00+00:00,52.32
2026-08-11T11:00:00+00:00,52.14
2026-08-11T12:00:00+00:00,87.82
2026-08-11T13:00:00+00:00,81.88
2026-08-11T14:00:00+00:00,80.72
2026-08-11T15:00:00+00:00,86.35
2026-08-11T16:00:00+00:00,87.57
2026-08-11T17:00:00+00:00,100.92
2026-08-11T18:00:00+00:00,106.49
2026-08-11T19:00:00+00:00,111.13
2026-08-11T20:00:00+00:00,110.08
2026-08-11T21:00:00+00:00,115.86
2026-08-11T22:00:00+00:00,118.89
2026-08-11T23:00:00+00:00,124.43
2026-08-12T00:00:00+00:00,119.68
2026-08-12T01:00:00+00:00,116.58
2026-08-12T02:00:00+00:00,104.93
2026-08-12T03:00:00+00:00,73.54
2026-08-12T04:00:00+00:00,56.4
2026-08-12T05:00:00+00:00,54.85
2026-08-12T06:00:00+00:00,48.4
2026-08-12T07:00:00+00:00,45.64
2026-08-12T08:00:00+00:00,45.45
2026-08-12T09:00:00+00:00,45.89
2026-08-12T10:00:00+00:00,51.15
2026-08-12T11:00:00+00:00,54.69
2026-08-12T12:00:00+00:00,70.63
2026-08-12T13:00:00+00:00,79.69
2026-08-12T14:00:00+00:00,83.45
2026-08-12T15:00:00+00:00,86.37
2026-08-12T16:00:00+00:00,87.42
2026-08-12T17:00:00+00:00,93.78
2026-08-12T18:00:00+00:00,109.94
2026-08-12T19:00:00+00:00,108.51
2026-08-12T20:00:00+00:00,112.08
2026-08-12T21:00:00+00:00,111.77
2026-08-12T22:00:00+00:00,119.22
2026-08-12T23:00:00+00:00,119.58
2026-08-13T00:00:00+00:00,116.9
2026-08-13T01:00:00+00:00,113.71
2026-08-13T02:00:00+00:00,102.05
2026-08-13T03:00:00+00:00,80.99
2026-08-13T04:00:00+00:00,58.72
2026-08-13T05:00:00+00:00,50.53
2026-08-13T06:00:00+00:00,42.65
2026-08-13T07:00:00+00:00,35.45
2026-08-13T08:00:00+00:00,36.8
2026-08-13T09:00:00+00:00,35.35
2026-08-13T10:00:00+00:00,48.54
2026-08-13T11:00:00+00:00,49.3
2026-08-13T12:00:00+00:00,54.82
2026-08-13T13:00:00+00:00,76.27
2026-08-13T14:00:00+00:00,77.9
2026-08-13T15:00:00+00:00,82.66
2026-08-13T16:00:00+00:00,87.73
2026-08-13T17:00:00+00:00,97.32
2026-08-13T18:00:00+00:00,100.72
2026-08-13T19:00:00+00:00,110.47
2026-08-13T20:00:00+00:00,110.48
2026-08-13T21:00:00+00:00,114.67
2026-08-13T22:00:00+00:00,120.29
2026-08-13T23:00:00+00:00,134.41
2026-08-14T00:00:00+00:00,117.34
2026-08-14T01:00:00+00:00,109.67
2026-08-14T02:00:00+00:00,96.77
2026-08-14T03:00:00+00:00,88.57
2026-08-14T04:00:00+00:00,65.77
2026-08-14T05:00:00+00:00,44.86
2026-08-14T06:00:00+00:00,36.0
2026-08-14T07:00:00+00:00,34.11
2026-08-14T08:00:00+00:00,34.87
2026-08-14T09:00:00+00:00,34.36
2026-08-14T10:00:00+00:00,41.02
2026-08-14T11:00:00+00:00,40.91
2026-08-14T12:00:00+00:00,48.89
2026-08-14T13:00:00+00:00,56.93
2026-08-14T14:00:00+00:00,63.68
2026-08-14T15:00:00+00:00,72.31
2026-08-14T16:00:00+00:00,78.78
2026-08-14T17:00:00+00:00,86.41
2026-08-14T18:00:00+00:00,89.8
2026-08-14T19:00:00+00:00,91.07
2026-08-14T20:00:00+00:00,91.11
2026-08-14T21:00:00+00:00,101.83
2026-08-14T22:00:00+00:00,105.42
2026-08-14T23:00:00+00:00,111.22
2026-08-15T00:00:00+00:00,92.48
2026-08-15T01:00:00+00:00,91.19
2026-08-15T02:00:00+00:00,82.72
2026-08-15T03:00:00+00:00,72.21
2026-08-15T04:00:00+00:00,48.87
2026-08-15T05:00:00+00:00,46.93
2026-08-15T06:00:00+00:00,43.53
2026-08-15T07:00:00+00:00,39.63
2026-08-15T08:00:00+00:00,36.25
2026-08-15T09:00:00+00:00,36.98
2026-08-15T10:00:00+00:00,37.51
2026-08-15T11:00:00+00:00,35.05
2026-08-15T12:00:00+00:00,37.46
2026-08-15T13:00:00+00:00,41.59
2026-08-15T14:00:00+00:00,46.4
2026-08-15T15:00:00+00:00,51.52
2026-08-15T16:00:00+00:00,63.81
2026-08-15T17:00:00+00:00,70.21
2026-08-15T18:00:00+00:00,81.97
2026-08-15T19:00:00+00:00,84.93
2026-08-15T20:00:00+00:00,89.11
2026-08-15T21:00:00+00:00,87.7
2026-08-15T22:00:00+00:00,89.09
2026-08-15T23:00:00+00:00,92.02
2026-08-16T00:00:00+00:00,86.83
2026-08-16T01:00:00+00:00,70.95
2026-08-16T02:00:00+00:00,63.4
2026-08-16T03:00:00+00:00,43.83
2026-08-16T04:00:00+00:00,42.79
2026-08-16T05:00:00+00:00,41.27
2026-08-16T06:00:00+00:00,39.23
2026-08-16T07:00:00+00:00,36.42
2026-08-16T08:00:00+00:00,34.08
2026-08-16T09:00:00+00:00,33.35
2026-08-16T10:00:00+00:00,33.4
2026-08-16T11:00:00+00:00,32.1
2026-08-16T12:00:00+00:00,34.42
2026-08-16T13:00:00+00:00,38.36
2026-08-16T14:00:00+00:00,42.24
2026-08-16T15:00:00+00:00,50.72
2026-08-16T16:00:00+00:00,64.22
2026-08-16T17:00:00+00:00,75.06
2026-08-16T18:00:00+00:00,80.18
2026-08-16T19:00:00+00:00,81.25
2026-08-16T20:00:00+00:00,88.15
2026-08-16T21:00:00+00:00,88.81
2026-08-16T22:00:00+00:00,91.02
2026-08-16T23:00:00+00:00,98.14
2026-08-17T00:00:00+00:00,93.04
2026-08-17T01:00:00+00:00,86.84
2026-08-17T02:00:00+00:00,74.77
2026-08-17T03:00:00+00:00,58.35
2026-08-17T04:00:00+00:00,45.68
2026-08-17T05:00:00+00:00,35.45
2026-08-17T06:00:00+00:00,38.19
2026-08-17T07:00:00+00:00,35.48
2026-08-17T08:00:00+00:00,35.03
2026-08-17T09:00:00+00:00,41.9
2026-08-17T10:00:00+00:00,55.16
2026-08-17T11:00:00+00:00,67.79
2026-08-17T12:00:00+00:00,64.61
2026-08-17T13:00:00+00:00,64.48
2026-08-17T14:00:00+00:00,66.64
2026-08-17T15:00:00+00:00,67.94
2026-08-17T16:00:00+00:00,86.07
2026-08-17T17:00:00+00:00,92.87
2026-08-17T18:00:00+00:00,103.6
2026-08-17T19:00:00+00:00,111.05
2026-08-17T20:00:00+00:00,111.19
2026-08-17T21:00:00+00:00,122.91
2026-08-17T22:00:00+00:00,127.22
2026-08-17T23:00:00+00:00,172.72
2026-08-18T00:00:00+00:00,140.72
2026-08-18T01:00:00+00:00,99.31
2026-08-18T02:00:00+00:00,88.91
2026-08-18T03:00:00+00:00,68.25
2026-08-18T04:00:00+00:00,54.87
2026-08-18T05:00:00+00:00,46.49
2026-08-18T06:00:00+00:00,41.6
2026-08-18T07:00:00+00:00,38.06
2026-08-18T08:00:00+00:00,37.07
2026-08-18T09:00:00+00:00,41.26
2026-08-18T10:00:00+00:00,51.6
2026-08-18T11:00:00+00:00,66.49
2026-08-18T12:00:00+00:00,52.89
2026-08-18T13:00:00+00:00,63.68
2026-08-18T14:00:00+00:00,69.73
2026-08-18T15:00:00+00:00,76.1
2026-08-18T16:00:00+00:00,82.65
2026-08-18T17:00:00+00:00,88.16
2026-08-18T18:00:00+00:00,89.28
2026-08-18T19:00:00+00:00,91.88
2026-08-18T20:00:00+00:00,103.42
2026-08-18T21:00:00+00:00,129.82
2026-08-18T22:00:00+00:00,126.56
2026-08-18T23:00:00+00:00,131.16
2026-08-19T00:00:00+00:00,108.1
2026-08-19T01:00:00+00:00,109.23
2026-08-19T02:00:00+00:00,80.64
2026-08-19T03:00:00+00:00,72.95
2026-08-19T04:00:00+00:00,49.84
2026-08-19T05:00:00+00:00,44.43
2026-08-19T06:00:00+00:00,39.31
2026-08-19T07:00:00+00:00,37.26
2026-08-19T08:00:00+00:00,37.08
2026-08-19T09:00:00+00:00,38.31
2026-08-19T10:00:00+00:00,50.07
2026-08-19T11:00:00+00:00,55.3
2026-08-19T12:00:00+00:00,52.14
2026-08-19T13:00:00+00:00,52.11
2026-08-19T14:00:00+00:00,63.55
2026-08-19T15:00:00+00:00,74.42
2026-08-19T16:00:00+00:00,76.41
2026-08-19T17:00:00+00:00,83.98
2026-08-19T18:00:00+00:00,83.87
2026-08-19T19:00:00+00:00,84.41
2026-08-19T20:00:00+00:00,86.54
2026-08-19T21:00:00+00:00,93.27
2026-08-19T22:00:00+00:00,92.57
2026-08-19T23:00:00+00:00,105.1
2026-08-20T00:00:00+00:00,101.58
2026-08-20T01:00:00+00:00,92.82
2026-08-20T02:00:00+00:00,83.44
2026-08-20T03:00:00+00:00,60.61
2026-08-20T04:00:00+00:00,42.63
2026-08-20T05:00:00+00:00,38.41
2026-08-20T06:00:00+00:00,36.45
2026-08-20T07:00:00+00:00,34.06
2026-08-20T08:00:00+00:00,33.88
2026-08-20T09:00:00+00:00,37.44
2026-08-20T10:00:00+00:00,46.9
2026-08-20T11:00:00+00:00,47.02
2026-08-20T12:00:00+00:00,43.07
2026-08-20T13:00:00+00:00,39.4
2026-08-20T14:00:00+00:00,49.16
2026-08-20T15:00:00+00:00,49.33
2026-08-20T16:00:00+00:00,52.56
2026-08-20T17:00:00+00:00,60.57
2026-08-20T18:00:00+00:00,68.34
2026-08-20T19:00:00+00:00,60.16
2026-08-20T20:00:00+00:00,78.63
2026-08-20T21:00:00+00:00,89.08
2026-08-20T22:00:00+00:00,88.97
2026-08-20T23:00:00+00:00,95.51
2026-08-21T00:00:00+00:00,92.06
2026-08-21T01:00:00+00:00,84.92
2026-08-21T02:00:00+00:00,63.84
2026-08-21T03:00:00+00:00,56.95
2026-08-21T04:00:00+00:00,42.67
2026-08-21T05:00:00+00:00,38.46
2026-08-21T06:00:00+00:00,35.78
2026-08-21T07:00:00+00:00,34.12
2026-08-21T08:00:00+00:00,33.42
2026-08-21T09:00:00+00:00,35.08
2026-08-21T10:00:00+00:00,36.17
2026-08-21T11:00:00+00:00,42.6
2026-08-21T12:00:00+00:00,42.42
2026-08-21T13:00:00+00:00,43.93
2026-08-21T14:00:00+00:00,49.43
2026-08-21T15:00:00+00:00,50.83
2026-08-21T16:00:00+00:00,51.81
2026-08-21T17:00:00+00:00,66.54
2026-08-21T18:00:00+00:00,67.99
2026-08-21T19:00:00+00:00,70.04
2026-08-21T20:00:00+00:00,79.03
2026-08-21T21:00:00+00:00,87.94
2026-08-21T22:00:00+00:00,88.13
2026-08-21T23:00:00+00:00,90.03
2026-08-22T00:00:00+00:00,88.48
2026-08-22T01:00:00+00:00,66.93
2026-08-22T02:00:00+00:00,49.04
2026-08-22T03:00:00+00:00,43.95
2026-08-22T04:00:00+00:00,43.64
2026-08-22T05:00:00+00:00,40.66
2026-08-22T06:00:00+00:00,38.62
2026-08-22T07:00:00+00:00,37.48
2026-08-22T08:00:00+00:00,35.78
2026-08-22T09:00:00+00:00,35.28
2026-08-22T10:00:00+00:00,33.19
2026-08-22T11:00:00+00:00,32.23
2026-08-22T12:00:00+00:00,37.13
2026-08-22T13:00:00+00:00,39.67
2026-08-22T14:00:00+00:00,44.96
2026-08-22T15:00:00+00:00,50.64
2026-08-22T16:00:00+00:00,52.92
2026-08-22T17:00:00+00:00,57.74
2026-08-22T18:00:00+00:00,64.27
2026-08-22T19:00:00+00:00,69.99
2026-08-22T20:00:00+00:00,74.54
2026-08-22T21:00:00+00:00,83.92
2026-08-22T22:00:00+00:00,86.62
2026-08-22T23:00:00+00:00,86.89
2026-08-23T00:00:00+00:00,75.87
2026-08-23T01:00:00+00:00,65.84
2026-08-23T02:00:00+00:00,50.36
2026-08-23T03:00:00+00:00,43.74
2026-08-23T04:00:00+00:00,43.11
2026-08-23T05:00:00+00:00,40.98
2026-08-23T06:00:00+00:00,37.04
2026-08-23T07:00:00+00:00,34.33
2026-08-23T08:00:00+00:00,33.67
2026-08-23T09:00:00+00:00,32.38
2026-08-23T10:00:00+00:00,32.62
2026-08-23T11:00:00+00:00,33.76
2026-08-23T12:00:00+00:00,35.04
2026-08-23T13:00:00+00:00,32.93
2026-08-23T14:00:00+00:00,34.24
2026-08-23T15:00:00+00:00,34.72
2026-08-23T16:00:00+00:00,36.82
2026-08-23T17:00:00+00:00,39.91
2026-08-23T18:00:00+00:00,34.79
2026-08-23T19:00:00+00:00,38.58
2026-08-23T20:00:00+00:00,37.99
2026-08-23T21:00:00+00:00,46.8
2026-08-23T22:00:00+00:00,48.49
2026-08-23T23:00:00+00:00,59.91
2026-08-24T00:00:00+00:00,57.11
2026-08-24T01:00:00+00:00,59.49
2026-08-24T02:00:00+00:00,47.8
2026-08-24T03:00:00+00:00,40.9
2026-08-24T04:00:00+00:00,40.86
2026-08-24T05:00:00+00:00,31.97
2026-08-24T06:00:00+00:00,31.4
2026-08-24T07:00:00+00:00,31.39
2026-08-24T08:00:00+00:00,32.04
2026-08-24T09:00:00+00:00,32.21
2026-08-24T10:00:00+00:00,37.14
2026-08-24T11:00:00+00:00,42.16
2026-08-24T12:00:00+00:00,42.01
2026-08-24T13:00:00+00:00,37.43
2026-08-24T14:00:00+00:00,38.38
2026-08-24T15:00:00+00:00,37.63
2026-08-24T16:00:00+00:00,38.3
2026-08-24T17:00:00+00:00,37.38
2026-08-24T18:00:00+00:00,38.17
2026-08-24T19:00:00+00:00,43.92
2026-08-24T20:00:00+00:00,51.87
2026-08-24T21:00:00+00:00,70.73
2026-08-24T22:00:00+00:00,74.13
2026-08-24T23:00:00+00:00,84.74
2026-08-25T00:00:00+00:00,83.53
2026-08-25T01:00:00+00:00,69.01
2026-08-25T02:00:00+00:00,49.51
2026-08-25T03:00:00+00:00,40.98
2026-08-25T04:00:00+00:00,41.51
2026-08-25T05:00:00+00:00,34.89
2026-08-25T06:00:00+00:00,33.54
2026-08-25T07:00:00+00:00,33.17
2026-08-25T08:00:00+00:00,33.29
2026-08-25T09:00:00+00:00,35.59
2026-08-25T10:00:00+00:00,37.3
2026-08-25T11:00:00+00:00,41.44
2026-08-25T12:00:00+00:00,41.46
2026-08-25T13:00:00+00:00,37.6
2026-08-25T14:00:00+00:00,37.64
2026-08-25T15:00:00+00:00,37.74
2026-08-25T16:00:00+00:00,42.89
2026-08-25T17:00:00+00:00,47.48
2026-08-25T18:00:00+00:00,47.97
2026-08-25T19:00:00+00:00,51.29
2026-08-25T20:00:00+00:00,62.59
2026-08-25T21:00:00+00:00,84.6
2026-08-25T22:00:00+00:00,89.7
2026-08-25T23:00:00+00:00,100.63
2026-08-26T00:00:00+00:00,89.96
2026-08-26T01:00:00+00:00,75.06
2026-08-26T02:00:00+00:00,51.46
2026-08-26T03:00:00+00:00,48.04
2026-08-26T04:00:00+00:00,43.11
2026-08-26T05:00:00+00:00,37.03
2026-08-26T06:00:00+00:00,32.8
2026-08-26T07:00:00+00:00,32.03
2026-08-26T08:00:00+00:00,31.75
2026-08-26T09:00:00+00:00,32.4
2026-08-26T10:00:00+00:00,33.85
2026-08-26T11:00:00+00:00,36.25
2026-08-26T12:00:00+00:00,35.93
2026-08-26T13:00:00+00:00,37.26
2026-08-26T14:00:00+00:00,39.11
2026-08-26T15:00:00+00:00,37.1
2026-08-26T16:00:00+00:00,41.61
2026-08-26T17:00:00+00:00,43.31
2026-08-26T18:00:00+00:00,47.3
2026-08-26T19:00:00+00:00,53.41
2026-08-26T20:00:00+00:00,68.52
2026-08-26T21:00:00+00:00,86.68
2026-08-26T22:00:00+00:00,87.61
2026-08-26T23:00:00+00:00,91.56
2026-08-27T00:00:00+00:00,88.4
2026-08-27T01:00:00+00:00,61.62
2026-08-27T02:00:00+00:00,48.51
2026-08-27T03:00:00+00:00,40.41
2026-08-27T04:00:00+00:00,40.52
2026-08-27T05:00:00+00:00,35.91
2026-08-27T06:00:00+00:00,32.48
2026-08-27T07:00:00+00:00,31.79
2026-08-27T08:00:00+00:00,31.51
2026-08-27T09:00:00+00:00,31.91
2026-08-27T10:00:00+00:00,33.93
2026-08-27T11:00:00+00:00,39.64
2026-08-27T12:00:00+00:00,43.44
2026-08-27T13:00:00+00:00,46.22
2026-08-27T14:00:00+00:00,47.49
2026-08-27T15:00:00+00:00,50.07
2026-08-27T16:00:00+00:00,54.05
2026-08-27T17:00:00+00:00,59.94
2026-08-27T18:00:00+00:00,60.83
2026-08-27T19:00:00+00:00,66.73
2026-08-27T20:00:00+00:00,77.02
2026-08-27T21:00:00+00:00,85.24
2026-08-27T22:00:00+00:00,89.31
2026-08-27T23:00:00+00:00,121.06
2026-08-28T00:00:00+00:00,99.63
2026-08-28T01:00:00+00:00,76.2
2026-08-28T02:00:00+00:00,68.17
2026-08-28T03:00:00+00:00,47.94
2026-08-28T04:00:00+00:00,39.84
2026-08-28T05:00:00+00:00,35.88
2026-08-28T06:00:00+00:00,34.86
2026-08-28T07:00:00+00:00,32.94
2026-08-28T08:00:00+00:00,33.06
2026-08-28T09:00:00+00:00,36.72
2026-08-28T10:00:00+00:00,36.49
2026-08-28T11:00:00+00:00,46.41
2026-08-28T12:00:00+00:00,45.97
2026-08-28T13:00:00+00:00,46.32
2026-08-28T14:00:00+00:00,47.3
2026-08-28T15:00:00+00:00,46.13
2026-08-28T16:00:00+00:00,50.55
2026-08-28T17:00:00+00:00,55.24
2026-08-28T18:00:00+00:00,54.74
2026-08-28T19:00:00+00:00,50.27
2026-08-28T20:00:00+00:00,53.63
2026-08-28T21:00:00+00:00,64.84
2026-08-28T22:00:00+00:00,73.27
2026-08-28T23:00:00+00:00,87.27
2026-08-29T00:00:00+00:00,79.74
2026-08-29T01:00:00+00:00,52.93
2026-08-29T02:00:00+00:00,48.51
2026-08-29T03:00:00+00:00,39.33
2026-08-29T04:00:00+00:00,38.31
2026-08-29T05:00:00+00:00,38.46
2026-08-29T06:00:00+00:00,32.86
2026-08-29T07:00:00+00:00,27.8
2026-08-29T08:00:00+00:00,27.98
2026-08-29T09:00:00+00:00,32.9
2026-08-29T10:00:00+00:00,31.91
2026-08-29T11:00:00+00:00,32.55
2026-08-29T12:00:00+00:00,31.63
2026-08-29T13:00:00+00:00,32.06
2026-08-29T14:00:00+00:00,34.61
2026-08-29T15:00:00+00:00,32.55
2026-08-29T16:00:00+00:00,34.66
2026-08-29T17:00:00+00:00,34.73
2026-08-29T18:00:00+00:00,36.75
2026-08-29T19:00:00+00:00,39.01
2026-08-29T20:00:00+00:00,42.98
2026-08-29T21:00:00+00:00,58.68
2026-08-29T22:00:00+00:00,63.8
2026-08-29T23:00:00+00:00,70.28
2026-08-30T00:00:00+00:00,52.0
2026-08-30T01:00:00+00:00,46.25
2026-08-30T02:00:00+00:00,41.45
2026-08-30T03:00:00+00:00,38.4
2026-08-30T04:00:00+00:00,41.81
2026-08-30T05:00:00+00:00,36.31
2026-08-30T06:00:00+00:00,33.4
2026-08-30T07:00:00+00:00,33.37
2026-08-30T08:00:00+00:00,33.39
2026-08-30T09:00:00+00:00,33.38
2026-08-30T10:00:00+00:00,34.64
2026-08-30T11:00:00+00:00,33.32
2026-08-30T12:00:00+00:00,34.91
2026-08-30T13:00:00+00:00,34.88
2026-08-30T14:00:00+00:00,35.61
2026-08-30T15:00:00+00:00,40.97
2026-08-30T16:00:00+00:00,38.29
2026-08-30T17:00:00+00:00,40.67
2026-08-30T18:00:00+00:00,45.14
2026-08-30T19:00:00+00:00,46.42
2026-08-30T20:00:00+00:00,51.11
2026-08-30T21:00:00+00:00,69.83
2026-08-30T22:00:00+00:00,68.98
2026-08-30T23:00:00+00:00,77.82
2026-08-31T00:00:00+00:00,70.45
2026-08-31T01:00:00+00:00,56.02
2026-08-31T02:00:00+00:00,49.87
2026-08-31T03:00:00+00:00,39.9
2026-08-31T04:00:00+00:00,42.14
2026-08-31T05:00:00+00:00,36.01
2026-08-31T06:00:00+00:00,34.06
2026-08-31T07:00:00+00:00,34.18
2026-08-31T08:00:00+00:00,32.89
2026-08-31T09:00:00+00:00,33.69
2026-08-31T10:00:00+00:00,36.12
2026-08-31T11:00:00+00:00,41.68
2026-08-31T12:00:00+00:00,47.46
2026-08-31T13:00:00+00:00,44.81
2026-08-31T14:00:00+00:00,51.11
2026-08-31T15:00:00+00:00,54.63
2026-08-31T16:00:00+00:00,64.57
2026-08-31T17:00:00+00:00,68.6
2026-08-31T18:00:00+00:00,73.18
2026-08-31T19:00:00+00:00,82.84
2026-08-31T20:00:00+00:00,90.0
2026-08-31T21:00:00+00:00,103.51
2026-08-31T22:00:00+00:00,119.75
2026-08-31T23:00:00+00:00,89.46
2026-09-01T00:00:00+00:00,83.32
2026-09-01T01:00:00+00:00,80.13
2026-09-01T02:00:00+00:00,57.77
2026-09-01T03:00:00+00:00,44.24
2026-09-01T04:00:00+00:00,41.0
2026-09-01T05:00:00+00:00,42.56
2026-09-01T06:00:00+00:00,41.55
2026-09-01T07:00:00+00:00,37.9
2026-09-01T08:00:00+00:00,37.93
2026-09-01T09:00:00+00:00,43.19
2026-09-01T10:00:00+00:00,49.22
2026-09-01T11:00:00+00:00,62.93
2026-09-01T12:00:00+00:00,62.99
2026-09-01T13:00:00+00:00,70.61
2026-09-01T14:00:00+00:00,74.11
2026-09-01T15:00:00+00:00,82.04
2026-09-01T16:00:00+00:00,90.73
2026-09-01T17:00:00+00:00,111.46
2026-09-01T18:00:00+00:00,115.44
2026-09-01T19:00:00+00:00,134.39
2026-09-01T20:00:00+00:00,150.75
2026-09-01T21:00:00+00:00,207.07
2026-09-01T22:00:00+00:00,220.98
2026-09-01T23:00:00+00:00,184.57
2026-09-02T00:00:00+00:00,163.36
2026-09-02T01:00:00+00:00,121.11
2026-09-02T02:00:00+00:00,97.96
2026-09-02T03:00:00+00:00,77.52
2026-09-02T04:00:00+00:00,57.84
2026-09-02T05:00:00+00:00,45.35
2026-09-02T06:00:00+00:00,42.87
2026-09-02T07:00:00+00:00,38.5
2026-09-02T08:00:00+00:00,38.32
2026-09-02T09:00:00+00:00,37.41
2026-09-02T10:00:00+00:00,48.58
2026-09-02T11:00:00+00:00,58.11
2026-09-02T12:00:00+00:00,60.78
2026-09-02T13:00:00+00:00,65.81
2026-09-02T14:00:00+00:00,78.26
2026-09-02T15:00:00+00:00,84.15
2026-09-02T16:00:00+00:00,87.78
2026-09-02T17:00:00+00:00,98.91
2026-09-02T18:00:00+00:00,102.64
2026-09-02T19:00:00+00:00,112.68
2026-09-02T20:00:00+00:00,126.13
2026-09-02T21:00:00+00:00,114.12
2026-09-02T22:00:00+00:00,117.17
2026-09-02T23:00:00+00:00,104.6
2026-09-03T00:00:00+00:00,97.8
2026-09-03T01:00:00+00:00,93.52
2026-09-03T02:00:00+00:00,81.36
2026-09-03T03:00:00+00:00,66.87
2026-09-03T04:00:00+00:00,56.39
2026-09-03T05:00:00+00:00,52.98
2026-09-03T06:00:00+00:00,45.64
2026-09-03T07:00:00+00:00,46.51
2026-09-03T08:00:00+00:00,45.14
2026-09-03T09:00:00+00:00,47.84
2026-09-03T10:00:00+00:00,58.36
2026-09-03T11:00:00+00:00,70.69
2026-09-03T12:00:00+00:00,68.77
2026-09-03T13:00:00+00:00,83.72
2026-09-03T14:00:00+00:00,87.95
2026-09-03T15:00:00+00:00,88.11
2026-09-03T16:00:00+00:00,91.75
2026-09-03T17:00:00+00:00,111.65
2026-09-03T18:00:00+00:00,115.63
2026-09-03T19:00:00+00:00,114.9
2026-09-03T20:00:00+00:00,116.26
2026-09-03T21:00:00+00:00,122.09
2026-09-03T22:00:00+00:00,135.27
2026-09-03T23:00:00+00:00,121.18
2026-09-04T00:00:00+00:00,115.48
2026-09-04T01:00:00+00:00,109.98
2026-09-04T02:00:00+00:00,86.63
2026-09-04T03:00:00+00:00,68.18
2026-09-04T04:00:00+00:00,56.8
2026-09-04T05:00:00+00:00,50.54
2026-09-04T06:00:00+00:00,42.34
2026-09-04T07:00:00+00:00,38.25
2026-09-04T08:00:00+00:00,37.99
2026-09-04T09:00:00+00:00,42.22
2026-09-04T10:00:00+00:00,38.3
2026-09-04T11:00:00+00:00,47.06
2026-09-04T12:00:00+00:00,46.5
2026-09-04T13:00:00+00:00,46.25
2026-09-04T14:00:00+00:00,50.8
2026-09-04T15:00:00+00:00,55.87
2026-09-04T16:00:00+00:00,63.64
2026-09-04T17:00:00+00:00,76.67
2026-09-04T18:00:00+00:00,84.21
2026-09-04T19:00:00+00:00,84.3
2026-09-04T20:00:00+00:00,86.67
2026-09-04T21:00:00+00:00,86.8
2026-09-04T22:00:00+00:00,87.55
2026-09-04T23:00:00+00:00,86.13
2026-09-05T00:00:00+00:00,84.99
2026-09-05T01:00:00+00:00,83.98
2026-09-05T02:00:00+00:00,59.06
2026-09-05T03:00:00+00:00,46.63
2026-09-05T04:00:00+00:00,44.71
2026-09-05T05:00:00+00:00,42.8
2026-09-05T06:00:00+00:00,35.74
2026-09-05T07:00:00+00:00,34.45
2026-09-05T08:00:00+00:00,34.51
2026-09-05T09:00:00+00:00,34.97
2026-09-05T10:00:00+00:00,37.33
2026-09-05T11:00:00+00:00,38.09
2026-09-05T12:00:00+00:00,37.26
2026-09-05T13:00:00+00:00,37.54
2026-09-05T14:00:00+00:00,39.15
2026-09-05T15:00:00+00:00,41.67
2026-09-05T16:00:00+00:00,43.89
2026-09-05T17:00:00+00:00,45.31
2026-09-05T18:00:00+00:00,46.14
2026-09-05T19:00:00+00:00,50.84
2026-09-05T20:00:00+00:00,51.4
2026-09-05T21:00:00+00:00,54.8
2026-09-05T22:00:00+00:00,58.07
2026-09-05T23:00:00+00:00,56.57
2026-09-06T00:00:00+00:00,50.35
2026-09-06T01:00:00+00:00,47.01
2026-09-06T02:00:00+00:00,45.63
2026-09-06T03:00:00+00:00,42.7
2026-09-06T04:00:00+00:00,42.3
2026-09-06T05:00:00+00:00,40.12
2026-09-06T06:00:00+00:00,38.12
2026-09-06T07:00:00+00:00,35.73
2026-09-06T08:00:00+00:00,34.18
2026-09-06T09:00:00+00:00,34.59
2026-09-06T10:00:00+00:00,37.03
2026-09-06T11:00:00+00:00,35.84
2026-09-06T12:00:00+00:00,33.78
2026-09-06T13:00:00+00:00,34.57
2026-09-06T14:00:00+00:00,35.04
2026-09-06T15:00:00+00:00,37.15
2026-09-06T16:00:00+00:00,41.42
2026-09-06T17:00:00+00:00,42.63
2026-09-06T18:00:00+00:00,41.7
2026-09-06T19:00:00+00:00,43.23
2026-09-06T20:00:00+00:00,45.7
2026-09-06T21:00:00+00:00,50.12
2026-09-06T22:00:00+00:00,57.95
2026-09-06T23:00:00+00:00,58.76
2026-09-07T00:00:00+00:00,58.09
2026-09-07T01:00:00+00:00,48.18
2026-09-07T02:00:00+00:00,46.3
2026-09-07T03:00:00+00:00,41.18
2026-09-07T04:00:00+00:00,42.81
2026-09-07T05:00:00+00:00,39.33
2026-09-07T06:00:00+00:00,36.85
2026-09-07T07:00:00+00:00,34.47
2026-09-07T08:00:00+00:00,34.4
2026-09-07T09:00:00+00:00,34.31
2026-09-07T10:00:00+00:00,35.23
2026-09-07T11:00:00+00:00,35.81
2026-09-07T12:00:00+00:00,34.25
2026-09-07T13:00:00+00:00,35.03
2026-09-07T14:00:00+00:00,36.87
2026-09-07T15:00:00+00:00,36.73
2026-09-07T16:00:00+00:00,38.35
2026-09-07T17:00:00+00:00,41.2
2026-09-07T18:00:00+00:00,40.83
2026-09-07T19:00:00+00:00,42.04
2026-09-07T20:00:00+00:00,47.78
2026-09-07T21:00:00+00:00,57.43
2026-09-07T22:00:00+00:00,79.99
2026-09-07T23:00:00+00:00,80.47
2026-09-08T00:00:00+00:00,65.78
2026-09-08T01:00:00+00:00,51.04
2026-09-08T02:00:00+00:00,42.57
2026-09-08T03:00:00+00:00,40.24
2026-09-08T04:00:00+00:00,43.17
2026-09-08T05:00:00+00:00,34.81
2026-09-08T06:00:00+00:00,32.94
2026-09-08T07:00:00+00:00,34.25
2026-09-08T08:00:00+00:00,34.74
2026-09-08T09:00:00+00:00,36.24
2026-09-08T10:00:00+00:00,40.69
2026-09-08T11:00:00+00:00,44.13
2026-09-08T12:00:00+00:00,43.1
2026-09-08T13:00:00+00:00,42.44
2026-09-08T14:00:00+00:00,48.97
2026-09-08T15:00:00+00:00,50.62
2026-09-08T16:00:00+00:00,55.59
2026-09-08T17:00:00+00:00,75.84
2026-09-08T18:00:00+00:00,76.78
2026-09-08T19:00:00+00:00,82.57
2026-09-08T20:00:00+00:00,84.49
2026-09-08T21:00:00+00:00,87.78
2026-09-08T22:00:00+00:00,84.79
2026-09-08T23:00:00+00:00,84.6
2026-09-09T00:00:00+00:00,84.64
2026-09-09T01:00:00+00:00,80.96
2026-09-09T02:00:00+00:00,48.71
2026-09-09T03:00:00+00:00,39.41
2026-09-09T04:00:00+00:00,39.5
2026-09-09T05:00:00+00:00,39.56
2026-09-09T06:00:00+00:00,35.47
2026-09-09T07:00:00+00:00,34.41
2026-09-09T08:00:00+00:00,32.2
2026-09-09T09:00:00+00:00,35.2
2026-09-09T10:00:00+00:00,42.01
2026-09-09T11:00:00+00:00,48.1
2026-09-09T12:00:00+00:00,46.49
2026-09-09T13:00:00+00:00,46.76
2026-09-09T14:00:00+00:00,51.02
2026-09-09T15:00:00+00:00,47.44
2026-09-09T16:00:00+00:00,49.79
2026-09-09T17:00:00+00:00,51.15
2026-09-09T18:00:00+00:00,60.1
2026-09-09T19:00:00+00:00,59.81
2026-09-09T20:00:00+00:00,79.61
2026-09-09T21:00:00+00:00,81.5
2026-09-09T22:00:00+00:00,83.41
2026-09-09T23:00:00+00:00,83.31
2026-09-10T00:00:00+00:00,80.51
2026-09-10T01:00:00+00:00,65.28
2026-09-10T02:00:00+00:00,46.96
2026-09-10T03:00:00+00:00,43.02
2026-09-10T04:00:00+00:00,41.19
2026-09-10T05:00:00+00:00,38.52
2026-09-10T06:00:00+00:00,36.22
2026-09-10T07:00:00+00:00,35.25
2026-09-10T08:00:00+00:00,34.67
2026-09-10T09:00:00+00:00,38.37
2026-09-10T10:00:00+00:00,46.66
2026-09-10T11:00:00+00:00,64.6
2026-09-10T12:00:00+00:00,57.38
2026-09-10T13:00:00+00:00,57.28
2026-09-10T14:00:00+00:00,49.88
2026-09-10T15:00:00+00:00,46.87
2026-09-10T16:00:00+00:00,47.08
2026-09-10T17:00:00+00:00,50.62
2026-09-10T18:00:00+00:00,54.77
2026-09-10T19:00:00+00:00,55.95
2026-09-10T20:00:00+00:00,61.62
2026-09-10T21:00:00+00:00,67.65
2026-09-10T22:00:00+00:00,83.14
2026-09-10T23:00:00+00:00,83.39
2026-09-11T00:00:00+00:00,78.17
2026-09-11T01:00:00+00:00,54.49
2026-09-11T02:00:00+00:00,47.13
2026-09-11T03:00:00+00:00,49.09
2026-09-11T04:00:00+00:00,46.63
2026-09-11T05:00:00+00:00,36.44
2026-09-11T06:00:00+00:00,34.81
2026-09-11T07:00:00+00:00,33.36
2026-09-11T08:00:00+00:00,32.9
2026-09-11T09:00:00+00:00,33.36
2026-09-11T10:00:00+00:00,40.23
2026-09-11T11:00:00+00:00,46.15
2026-09-11T12:00:00+00:00,46.67
2026-09-11T13:00:00+00:00,44.72
2026-09-11T14:00:00+00:00,44.71
2026-09-11T15:00:00+00:00,43.0
2026-09-11T16:00:00+00:00,41.87
2026-09-11T17:00:00+00:00,43.49
2026-09-11T18:00:00+00:00,41.27
2026-09-11T19:00:00+00:00,42.08
2026-09-11T20:00:00+00:00,46.18
2026-09-11T21:00:00+00:00,56.72
2026-09-11T22:00:00+00:00,61.65
2026-09-11T23:00:00+00:00,65.77
2026-09-12T00:00:00+00:00,54.79
2026-09-12T01:00:00+00:00,45.45
2026-09-12T02:00:00+00:00,42.5
2026-09-12T03:00:00+00:00,37.16
2026-09-12T04:00:00+00:00,41.59
2026-09-12T05:00:00+00:00,37.15
2026-09-12T06:00:00+00:00,33.63
2026-09-12T07:00:00+00:00,32.94
2026-09-12T08:00:00+00:00,32.95
2026-09-12T09:00:00+00:00,32.94
2026-09-12T10:00:00+00:00,34.48
2026-09-12T11:00:00+00:00,35.52
2026-09-12T12:00:00+00:00,35.47
2026-09-12T13:00:00+00:00,35.99
2026-09-12T14:00:00+00:00,39.26
2026-09-12T15:00:00+00:00,37.25
2026-09-12T16:00:00+00:00,38.08
2026-09-12T17:00:00+00:00,41.5
2026-09-12T18:00:00+00:00,43.18
2026-09-12T19:00:00+00:00,51.36
2026-09-12T20:00:00+00:00,64.8
2026-09-12T21:00:00+00:00,65.01
2026-09-12T22:00:00+00:00,72.68
2026-09-12T23:00:00+00:00,70.25
2026-09-13T00:00:00+00:00,65.01
2026-09-13T01:00:00+00:00,58.45
2026-09-13T02:00:00+00:00,51.86
2026-09-13T03:00:00+00:00,44.83
2026-09-13T04:00:00+00:00,41.31
2026-09-13T05:00:00+00:00,33.45
2026-09-13T06:00:00+00:00,33.54
2026-09-13T07:00:00+00:00,33.26
2026-09-13T08:00:00+00:00,33.6
2026-09-13T09:00:00+00:00,34.93
2026-09-13T10:00:00+00:00,37.79
2026-09-13T11:00:00+00:00,39.63
2026-09-13T12:00:00+00:00,41.49
2026-09-13T13:00:00+00:00,46.22
2026-09-13T14:00:00+00:00,50.37
2026-09-13T15:00:00+00:00,49.79
2026-09-13T16:00:00+00:00,50.96
2026-09-13T17:00:00+00:00,50.33
2026-09-13T18:00:00+00:00,48.43
2026-09-13T19:00:00+00:00,47.19
2026-09-13T20:00:00+00:00,50.15
2026-09-13T21:00:00+00:00,56.82
2026-09-13T22:00:00+00:00,58.57
2026-09-13T23:00:00+00:00,59.85
2026-09-14T00:00:00+00:00,50.72
2026-09-14T01:00:00+00:00,39.85
2026-09-14T02:00:00+00:00,38.09
2026-09-14T03:00:00+00:00,37.93
2026-09-14T04:00:00+00:00,36.55
2026-09-14T05:00:00+00:00,33.18
2026-09-14T06:00:00+00:00,34.46
2026-09-14T07:00:00+00:00,34.82
2026-09-14T08:00:00+00:00,35.51
2026-09-14T09:00:00+00:00,37.78
2026-09-14T10:00:00+00:00,41.82
2026-09-14T11:00:00+00:00,54.02
2026-09-14T12:00:00+00:00,45.9
2026-09-14T13:00:00+00:00,37.59
2026-09-14T14:00:00+00:00,35.83
2026-09-14T15:00:00+00:00,34.94
2026-09-14T16:00:00+00:00,35.73
2026-09-14T17:00:00+00:00,38.15
2026-09-14T18:00:00+00:00,38.65
2026-09-14T19:00:00+00:00,41.05
2026-09-14T20:00:00+00:00,45.38
2026-09-14T21:00:00+00:00,57.87
2026-09-14T22:00:00+00:00,74.47
2026-09-14T23:00:00+00:00,75.26
2026-09-15T00:00:00+00:00,71.65
2026-09-15T01:00:00+00:00,52.13
2026-09-15T02:00:00+00:00,44.95
2026-09-15T03:00:00+00:00,38.35
2026-09-15T04:00:00+00:00,38.47
2026-09-15T05:00:00+00:00,33.11
2026-09-15T06:00:00+00:00,30.22
2026-09-15T07:00:00+00:00,27.92
2026-09-15T08:00:00+00:00,29.16
2026-09-15T09:00:00+00:00,32.62
2026-09-15T10:00:00+00:00,40.82
2026-09-15T11:00:00+00:00,40.59
2026-09-15T12:00:00+00:00,35.83
2026-09-15T13:00:00+00:00,32.58
2026-09-15T14:00:00+00:00,35.81
2026-09-15T15:00:00+00:00,35.89
2026-09-15T16:00:00+00:00,37.67
2026-09-15T17:00:00+00:00,38.12
2026-09-15T18:00:00+00:00,42.94
2026-09-15T19:00:00+00:00,40.31
2026-09-15T20:00:00+00:00,43.72
2026-09-15T21:00:00+00:00,50.86
2026-09-15T22:00:00+00:00,55.74
2026-09-15T23:00:00+00:00,55.35
2026-09-16T00:00:00+00:00,53.77
2026-09-16T01:00:00+00:00,47.02
2026-09-16T02:00:00+00:00,43.64
2026-09-16T03:00:00+00:00,41.34
2026-09-16T04:00:00+00:00,38.96
2026-09-16T05:00:00+00:00,34.39
2026-09-16T06:00:00+00:00,36.62
2026-09-16T07:00:00+00:00,37.53
2026-09-16T08:00:00+00:00,36.51
2026-09-16T09:00:00+00:00,38.81
2026-09-16T10:00:00+00:00,46.99
2026-09-16T11:00:00+00:00,54.45
2026-09-16T12:00:00+00:00,48.01
2026-09-16T13:00:00+00:00,46.72
2026-09-16T14:00:00+00:00,50.59
2026-09-16T15:00:00+00:00,50.16
2026-09-16T16:00:00+00:00,55.19
2026-09-16T17:00:00+00:00,61.13
2026-09-16T18:00:00+00:00,54.39
2026-09-16T19:00:00+00:00,61.35
2026-09-16T20:00:00+00:00,73.33
2026-09-16T21:00:00+00:00,79.73
2026-09-16T22:00:00+00:00,86.4
2026-09-16T23:00:00+00:00,85.99
2026-09-17T00:00:00+00:00,75.28
2026-09-17T01:00:00+00:00,54.3
2026-09-17T02:00:00+00:00,44.74
2026-09-17T03:00:00+00:00,38.79
2026-09-17T04:00:00+00:00,42.54
2026-09-17T05:00:00+00:00,45.41
2026-09-17T06:00:00+00:00,41.84
2026-09-17T07:00:00+00:00,38.86
2026-09-17T08:00:00+00:00,36.84
2026-09-17T09:00:00+00:00,42.32
2026-09-17T10:00:00+00:00,50.67
2026-09-17T11:00:00+00:00,59.02
2026-09-17T12:00:00+00:00,58.86
2026-09-17T13:00:00+00:00,58.93
2026-09-17T14:00:00+00:00,65.69
2026-09-17T15:00:00+00:00,68.57
2026-09-17T16:00:00+00:00,69.6
2026-09-17T17:00:00+00:00,76.77
2026-09-17T18:00:00+00:00,80.64
2026-09-17T19:00:00+00:00,76.68
2026-09-17T20:00:00+00:00,80.52
2026-09-17T21:00:00+00:00,87.18
2026-09-17T22:00:00+00:00,90.3
2026-09-17T23:00:00+00:00,86.47
2026-09-18T00:00:00+00:00,80.48
2026-09-18T01:00:00+00:00,59.45
2026-09-18T02:00:00+00:00,56.67
2026-09-18T03:00:00+00:00,47.72
2026-09-18T04:00:00+00:00,41.91
2026-09-18T05:00:00+00:00,38.43
2026-09-18T06:00:00+00:00,36.69
2026-09-18T07:00:00+00:00,35.5
2026-09-18T08:00:00+00:00,34.32
2026-09-18T09:00:00+00:00,35.97
2026-09-18T10:00:00+00:00,45.22
2026-09-18T11:00:00+00:00,48.77
2026-09-18T12:00:00+00:00,46.14
2026-09-18T13:00:00+00:00,39.13
2026-09-18T14:00:00+00:00,36.79
2026-09-18T15:00:00+00:00,37.74
2026-09-18T16:00:00+00:00,43.7
2026-09-18T17:00:00+00:00,45.53
2026-09-18T18:00:00+00:00,44.94
2026-09-18T19:00:00+00:00,36.72
2026-09-18T20:00:00+00:00,45.34
2026-09-18T21:00:00+00:00,55.59
2026-09-18T22:00:00+00:00,58.39
2026-09-18T23:00:00+00:00,58.21
2026-09-19T00:00:00+00:00,57.56
2026-09-19T01:00:00+00:00,48.15
2026-09-19T02:00:00+00:00,48.1
2026-09-19T03:00:00+00:00,42.56
2026-09-19T04:00:00+00:00,43.15
2026-09-19T05:00:00+00:00,41.09
2026-09-19T06:00:00+00:00,41.08
2026-09-19T07:00:00+00:00,36.05
2026-09-19T08:00:00+00:00,35.82
2026-09-19T09:00:00+00:00,35.58
2026-09-19T10:00:00+00:00,37.65
2026-09-19T11:00:00+00:00,44.57
2026-09-19T12:00:00+00:00,40.2
2026-09-19T13:00:00+00:00,43.57
2026-09-19T14:00:00+00:00,39.2
2026-09-19T15:00:00+00:00,36.02
2026-09-19T16:00:00+00:00,38.03
2026-09-19T17:00:00+00:00,38.03
2026-09-19T18:00:00+00:00,37.99
2026-09-19T19:00:00+00:00,39.16
2026-09-19T20:00:00+00:00,44.02
2026-09-19T21:00:00+00:00,53.39
2026-09-19T22:00:00+00:00,60.08
2026-09-19T23:00:00+00:00,58.74
2026-09-20T00:00:00+00:00,52.04
2026-09-20T01:00:00+00:00,40.75
2026-09-20T02:00:00+00:00,42.55
2026-09-20T03:00:00+00:00,41.57
2026-09-20T04:00:00+00:00,39.96
2026-09-20T05:00:00+00:00,40.05
2026-09-20T06:00:00+00:00,42.67
2026-09-20T07:00:00+00:00,37.65
2026-09-20T08:00:00+00:00,35.92
2026-09-20T09:00:00+00:00,35.92
2026-09-20T10:00:00+00:00,37.14
2026-09-20T11:00:00+00:00,44.51
2026-09-20T12:00:00+00:00,45.13
2026-09-20T13:00:00+00:00,44.2
2026-09-20T14:00:00+00:00,44.34
2026-09-20T15:00:00+00:00,43.91
2026-09-20T16:00:00+00:00,43.91
2026-09-20T17:00:00+00:00,41.47
2026-09-20T18:00:00+00:00,37.21
2026-09-20T19:00:00+00:00,35.79
2026-09-20T20:00:00+00:00,37.83
2026-09-20T21:00:00+00:00,44.02
2026-09-20T22:00:00+00:00,54.2
2026-09-20T23:00:00+00:00,57.08
2026-09-21T00:00:00+00:00,47.75
2026-09-21T01:00:00+00:00,39.89
2026-09-21T02:00:00+00:00,36.9
2026-09-21T03:00:00+00:00,35.72
2026-09-21T04:00:00+00:00,38.09
2026-09-21T05:00:00+00:00,26.11
2026-09-21T06:00:00+00:00,31.55
2026-09-21T07:00:00+00:00,31.93
2026-09-21T08:00:00+00:00,31.91
2026-09-21T09:00:00+00:00,31.74
2026-09-21T10:00:00+00:00,40.95
2026-09-21T11:00:00+00:00,46.59
2026-09-21T12:00:00+00:00,45.17
2026-09-21T13:00:00+00:00,41.88
2026-09-21T14:00:00+00:00,36.04
2026-09-21T15:00:00+00:00,35.69
2026-09-21T16:00:00+00:00,34.95
2026-09-21T17:00:00+00:00,39.03
2026-09-21T18:00:00+00:00,37.5
2026-09-21T19:00:00+00:00,35.36
2026-09-21T20:00:00+00:00,41.25
2026-09-21T21:00:00+00:00,53.97
2026-09-21T22:00:00+00:00,58.78
2026-09-21T23:00:00+00:00,60.97
2026-09-22T00:00:00+00:00,48.94
2026-09-22T01:00:00+00:00,42.68
2026-09-22T02:00:00+00:00,39.25
2026-09-22T03:00:00+00:00,36.33
2026-09-22T04:00:00+00:00,37.32
2026-09-22T05:00:00+00:00,32.02
2026-09-22T06:00:00+00:00,30.97
2026-09-22T07:00:00+00:00,30.35
2026-09-22T08:00:00+00:00,29.31
2026-09-22T09:00:00+00:00,31.9
2026-09-22T10:00:00+00:00,37.37
2026-09-22T11:00:00+00:00,47.55
2026-09-22T12:00:00+00:00,46.6
2026-09-22T13:00:00+00:00,44.6
2026-09-22T14:00:00+00:00,39.23
2026-09-22T15:00:00+00:00,38.35
2026-09-22T16:00:00+00:00,36.18
2026-09-22T17:00:00+00:00,36.89
2026-09-22T18:00:00+00:00,34.5
2026-09-22T19:00:00+00:00,34.26
2026-09-22T20:00:00+00:00,37.32
2026-09-22T21:00:00+00:00,48.12
2026-09-22T22:00:00+00:00,52.1
2026-09-22T23:00:00+00:00,52.88
2026-09-23T00:00:00+00:00,47.42
2026-09-23T01:00:00+00:00,40.59
2026-09-23T02:00:00+00:00,38.79
2026-09-23T03:00:00+00:00,37.34
2026-09-23T04:00:00+00:00,38.8
2026-09-23T05:00:00+00:00,25.2
2026-09-23T06:00:00+00:00,25.21
2026-09-23T07:00:00+00:00,24.52
2026-09-23T08:00:00+00:00,24.56
2026-09-23T09:00:00+00:00,25.05
2026-09-23T10:00:00+00:00,31.97
2026-09-23T11:00:00+00:00,47.31
2026-09-23T12:00:00+00:00,47.22
2026-09-23T13:00:00+00:00,37.14
2026-09-23T14:00:00+00:00,34.13
2026-09-23T15:00:00+00:00,33.4
2026-09-23T16:00:00+00:00,33.93
2026-09-23T17:00:00+00:00,34.56
2026-09-23T18:00:00+00:00,36.51
2026-09-23T19:00:00+00:00,34.98
2026-09-23T20:00:00+00:00,35.94
2026-09-23T21:00:00+00:00,43.08
2026-09-23T22:00:00+00:00,51.96
2026-09-23T23:00:00+00:00,56.64
2026-09-24T00:00:00+00:00,48.72
2026-09-24T01:00:00+00:00,41.7
2026-09-24T02:00:00+00:00,37.93
2026-09-24T03:00:00+00:00,35.62
2026-09-24T04:00:00+00:00,36.82
2026-09-24T05:00:00+00:00,24.05
2026-09-24T06:00:00+00:00,24.98
2026-09-24T07:00:00+00:00,26.39
2026-09-24T08:00:00+00:00,31.23
2026-09-24T09:00:00+00:00,32.13
2026-09-24T10:00:00+00:00,44.81
2026-09-24T11:00:00+00:00,48.33
2026-09-24T12:00:00+00:00,45.6
2026-09-24T13:00:00+00:00,37.86
2026-09-24T14:00:00+00:00,35.55
2026-09-24T15:00:00+00:00,33.34
2026-09-24T16:00:00+00:00,35.15
2026-09-24T17:00:00+00:00,36.12
2026-09-24T18:00:00+00:00,37.77
2026-09-24T19:00:00+00:00,37.89
2026-09-24T20:00:00+00:00,37.97
2026-09-24T21:00:00+00:00,45.79
2026-09-24T22:00:00+00:00,52.35
2026-09-24T23:00:00+00:00,64.43
2026-09-25T00:00:00+00:00,56.45
2026-09-25T01:00:00+00:00,46.62
2026-09-25T02:00:00+00:00,39.84
2026-09-25T03:00:00+00:00,37.54
2026-09-25T04:00:00+00:00,37.86
2026-09-25T05:00:00+00:00,35.75
2026-09-25T06:00:00+00:00,38.0
2026-09-25T07:00:00+00:00,34.83
2026-09-25T08:00:00+00:00,35.33
2026-09-25T09:00:00+00:00,39.95
2026-09-25T10:00:00+00:00,47.86
2026-09-25T11:00:00+00:00,51.32
2026-09-25T12:00:00+00:00,47.75
2026-09-25T13:00:00+00:00,45.51
2026-09-25T14:00:00+00:00,41.98
2026-09-25T15:00:00+00:00,40.63
2026-09-25T16:00:00+00:00,39.08
2026-09-25T17:00:00+00:00,42.82
2026-09-25T18:00:00+00:00,43.11
2026-09-25T19:00:00+00:00,37.84
2026-09-25T20:00:00+00:00,38.97
2026-09-25T21:00:00+00:00,47.23
2026-09-25T22:00:00+00:00,53.23
2026-09-25T23:00:00+00:00,58.28
2026-09-26T00:00:00+00:00,49.52
2026-09-26T01:00:00+00:00,44.5
2026-09-26T02:00:00+00:00,40.63
2026-09-26T03:00:00+00:00,38.03
2026-09-26T04:00:00+00:00,37.4
2026-09-26T05:00:00+00:00,33.28
2026-09-26T06:00:00+00:00,32.59
2026-09-26T07:00:00+00:00,33.49
2026-09-26T08:00:00+00:00,33.46
2026-09-26T09:00:00+00:00,37.64
2026-09-26T10:00:00+00:00,38.62
2026-09-26T11:00:00+00:00,43.36
2026-09-26T12:00:00+00:00,44.68
2026-09-26T13:00:00+00:00,42.3
2026-09-26T14:00:00+00:00,36.62
2026-09-26T15:00:00+00:00,36.63
2026-09-26T16:00:00+00:00,36.58
2026-09-26T17:00:00+00:00,36.22
2026-09-26T18:00:00+00:00,36.53
2026-09-26T19:00:00+00:00,36.56
2026-09-26T20:00:00+00:00,40.19
2026-09-26T21:00:00+00:00,50.45
2026-09-26T22:00:00+00:00,51.7
2026-09-26T23:00:00+00:00,51.62
2026-09-27T00:00:00+00:00,48.6
2026-09-27T01:00:00+00:00,46.73
2026-09-27T02:00:00+00:00,46.32
2026-09-27T03:00:00+00:00,42.89
2026-09-27T04:00:00+00:00,43.11
2026-09-27T05:00:00+00:00,31.46
2026-09-27T06:00:00+00:00,32.53
2026-09-27T07:00:00+00:00,31.46
2026-09-27T08:00:00+00:00,28.47
2026-09-27T09:00:00+00:00,29.29
2026-09-27T10:00:00+00:00,31.82
2026-09-27T11:00:00+00:00,32.45
2026-09-27T12:00:00+00:00,43.81
2026-09-27T13:00:00+00:00,43.97
2026-09-27T14:00:00+00:00,40.99
2026-09-27T15:00:00+00:00,34.83
2026-09-27T16:00:00+00:00,38.66
2026-09-27T17:00:00+00:00,43.47
2026-09-27T18:00:00+00:00,37.28
2026-09-27T19:00:00+00:00,39.68
2026-09-27T20:00:00+00:00,41.74
2026-09-27T21:00:00+00:00,49.3
2026-09-27T22:00:00+00:00,52.32
2026-09-27T23:00:00+00:00,57.05
2026-09-28T00:00:00+00:00,52.81
2026-09-28T01:00:00+00:00,46.62
2026-09-28T02:00:00+00:00,41.37
2026-09-28T03:00:00+00:00,39.15
2026-09-28T04:00:00+00:00,39.88
2026-09-28T05:00:00+00:00,30.29
2026-09-28T06:00:00+00:00,33.89
2026-09-28T07:00:00+00:00,34.72
2026-09-28T08:00:00+00:00,38.4
2026-09-28T09:00:00+00:00,40.48
2026-09-28T10:00:00+00:00,40.31
2026-09-28T11:00:00+00:00,50.01
2026-09-28T12:00:00+00:00,49.05
2026-09-28T13:00:00+00:00,47.55
2026-09-28T14:00:00+00:00,48.14
2026-09-28T15:00:00+00:00,48.16
2026-09-28T16:00:00+00:00,48.08
2026-09-28T17:00:00+00:00,47.89
2026-09-28T18:00:00+00:00,47.67
2026-09-28T19:00:00+00:00,48.08
2026-09-28T20:00:00+00:00,47.82
2026-09-28T21:00:00+00:00,56.19
2026-09-28T22:00:00+00:00,63.09
2026-09-28T23:00:00+00:00,67.92
2026-09-29T00:00:00+00:00,57.5
2026-09-29T01:00:00+00:00,47.81
2026-09-29T02:00:00+00:00,40.61
2026-09-29T03:00:00+00:00,40.56
2026-09-29T04:00:00+00:00,46.63
2026-09-29T05:00:00+00:00,39.09
2026-09-29T06:00:00+00:00,41.34
2026-09-29T07:00:00+00:00,39.38
2026-09-29T08:00:00+00:00,39.24
2026-09-29T09:00:00+00:00,43.91
2026-09-29T10:00:00+00:00,50.89
2026-09-29T11:00:00+00:00,57.74
2026-09-29T12:00:00+00:00,55.34
2026-09-29T13:00:00+00:00,46.59
2026-09-29T14:00:00+00:00,47.27
2026-09-29T15:00:00+00:00,46.51
2026-09-29T16:00:00+00:00,48.29
2026-09-29T17:00:00+00:00,50.06
2026-09-29T18:00:00+00:00,53.55
2026-09-29T19:00:00+00:00,49.5
2026-09-29T20:00:00+00:00,58.11
2026-09-29T21:00:00+00:00,79.8
2026-09-29T22:00:00+00:00,92.48
2026-09-29T23:00:00+00:00,94.16
2026-09-30T00:00:00+00:00,87.64
2026-09-30T01:00:00+00:00,72.27
2026-09-30T02:00:00+00:00,57.9
2026-09-30T03:00:00+00:00,46.74
2026-09-30T04:00:00+00:00,43.93
2026-09-30T05:00:00+00:00,35.36
2026-09-30T06:00:00+00:00,44.43
2026-09-30T07:00:00+00:00,43.75
2026-09-30T08:00:00+00:00,43.41
2026-09-30T09:00:00+00:00,47.75
2026-09-30T10:00:00+00:00,52.03
2026-09-30T11:00:00+00:00,56.57
2026-09-30T12:00:00+00:00,53.23
2026-09-30T13:00:00+00:00,48.16
2026-09-30T14:00:00+00:00,48.88
2026-09-30T15:00:00+00:00,49.89
2026-09-30T16:00:00+00:00,57.21
2026-09-30T17:00:00+00:00,61.46
2026-09-30T18:00:00+00:00,73.68
2026-09-30T19:00:00+00:00,69.88
2026-09-30T20:00:00+00:00,86.46
2026-09-30T21:00:00+00:00,96.51
2026-09-30T22:00:00+00:00,95.12
2026-09-30T23:00:00+00:00,101.97
2026-10-01T00:00:00+00:00,89.85
2026-10-01T01:00:00+00:00,67.11
2026-10-01T02:00:00+00:00,52.19
2026-10-01T03:00:00+00:00,43.64
2026-10-01T04:00:00+00:00,44.58
2026-10-01T05:00:00+00:00,34.41
2026-10-01T06:00:00+00:00,34.57
2026-10-01T07:00:00+00:00,33.88
2026-10-01T08:00:00+00:00,33.94
2026-10-01T09:00:00+00:00,37.49
2026-10-01T10:00:00+00:00,45.01
2026-10-01T11:00:00+00:00,58.69
2026-10-01T12:00:00+00:00,58.99
2026-10-01T13:00:00+00:00,56.14
2026-10-01T14:00:00+00:00,61.02
2026-10-01T15:00:00+00:00,58.61
2026-10-01T16:00:00+00:00,62.16
2026-10-01T17:00:00+00:00,67.4
2026-10-01T18:00:00+00:00,67.23
2026-10-01T19:00:00+00:00,66.83
2026-10-01T20:00:00+00:00,86.66
2026-10-01T21:00:00+00:00,112.02
2026-10-01T22:00:00+00:00,99.04
2026-10-01T23:00:00+00:00,113.61
2026-10-02T00:00:00+00:00,98.53
2026-10-02T01:00:00+00:00,84.92
2026-10-02T02:00:00+00:00,59.18
2026-10-02T03:00:00+00:00,47.33
2026-10-02T04:00:00+00:00,45.63
2026-10-02T05:00:00+00:00,34.17
2026-10-02T06:00:00+00:00,33.93
2026-10-02T07:00:00+00:00,34.35
2026-10-02T08:00:00+00:00,34.09
2026-10-02T09:00:00+00:00,34.62
2026-10-02T10:00:00+00:00,45.06
2026-10-02T11:00:00+00:00,58.35
2026-10-02T12:00:00+00:00,58.75
2026-10-02T13:00:00+00:00,61.83
2026-10-02T14:00:00+00:00,57.92
2026-10-02T15:00:00+00:00,52.01
2026-10-02T16:00:00+00:00,50.56
2026-10-02T17:00:00+00:00,48.12
2026-10-02T18:00:00+00:00,49.05
2026-10-02T19:00:00+00:00,39.29
2026-10-02T20:00:00+00:00,45.12
2026-10-02T21:00:00+00:00,52.41
2026-10-02T22:00:00+00:00,60.98
2026-10-02T23:00:00+00:00,64.01
2026-10-03T00:00:00+00:00,50.99
2026-10-03T01:00:00+00:00,45.17
2026-10-03T02:00:00+00:00,43.56
2026-10-03T03:00:00+00:00,39.55
2026-10-03T04:00:00+00:00,42.16
2026-10-03T05:00:00+00:00,49.36
2026-10-03T06:00:00+00:00,47.59
2026-10-03T07:00:00+00:00,45.87
2026-10-03T08:00:00+00:00,45.61
2026-10-03T09:00:00+00:00,48.88
2026-10-03T10:00:00+00:00,51.15
2026-10-03T11:00:00+00:00,49.61
2026-10-03T12:00:00+00:00,45.62
2026-10-03T13:00:00+00:00,43.55
2026-10-03T14:00:00+00:00,41.11
2026-10-03T15:00:00+00:00,43.3
2026-10-03T16:00:00+00:00,42.26
2026-10-03T17:00:00+00:00,43.13
2026-10-03T18:00:00+00:00,42.24
2026-10-03T19:00:00+00:00,39.37
2026-10-03T20:00:00+00:00,45.39
2026-10-03T21:00:00+00:00,63.66
2026-10-03T22:00:00+00:00,87.78
2026-10-03T23:00:00+00:00,87.72
2026-10-04T00:00:00+00:00,71.1
2026-10-04T01:00:00+00:00,50.25
2026-10-04T02:00:00+00:00,51.01
2026-10-04T03:00:00+00:00,45.05
2026-10-04T04:00:00+00:00,43.17
2026-10-04T05:00:00+00:00,32.34
2026-10-04T06:00:00+00:00,33.2
2026-10-04T07:00:00+00:00,33.44
2026-10-04T08:00:00+00:00,33.55
2026-10-04T09:00:00+00:00,36.36
2026-10-04T10:00:00+00:00,43.69
2026-10-04T11:00:00+00:00,44.61
2026-10-04T12:00:00+00:00,41.15
2026-10-04T13:00:00+00:00,37.09
2026-10-04T14:00:00+00:00,42.41
2026-10-04T15:00:00+00:00,41.93
2026-10-04T16:00:00+00:00,34.06
2026-10-04T17:00:00+00:00,33.1
2026-10-04T18:00:00+00:00,36.01
2026-10-04T19:00:00+00:00,37.65
2026-10-04T20:00:00+00:00,42.71
2026-10-04T21:00:00+00:00,57.8
2026-10-04T22:00:00+00:00,72.9
2026-10-04T23:00:00+00:00,72.75
2026-10-05T00:00:00+00:00,58.96
2026-10-05T01:00:00+00:00,49.98
2026-10-05T02:00:00+00:00,42.08
2026-10-05T03:00:00+00:00,36.88
2026-10-05T04:00:00+00:00,39.58
2026-10-05T05:00:00+00:00,24.68
2026-10-05T06:00:00+00:00,25.14
2026-10-05T07:00:00+00:00,25.42
2026-10-05T08:00:00+00:00,28.44
2026-10-05T09:00:00+00:00,32.72
2026-10-05T10:00:00+00:00,43.14
2026-10-05T11:00:00+00:00,53.02
2026-10-05T12:00:00+00:00,46.5
2026-10-05T13:00:00+00:00,42.66
2026-10-05T14:00:00+00:00,34.27
2026-10-05T15:00:00+00:00,33.57
2026-10-05T16:00:00+00:00,33.63
2026-10-05T17:00:00+00:00,35.13
2026-10-05T18:00:00+00:00,33.2
2026-10-05T19:00:00+00:00,30.04
2026-10-05T20:00:00+00:00,32.9
2026-10-05T21:00:00+00:00,55.94
2026-10-05T22:00:00+00:00,76.75
2026-10-05T23:00:00+00:00,105.93
2026-10-06T00:00:00+00:00,70.14
2026-10-06T01:00:00+00:00,66.39
2026-10-06T02:00:00+00:00,54.12
2026-10-06T03:00:00+00:00,48.98
2026-10-06T04:00:00+00:00,44.28
2026-10-06T05:00:00+00:00,36.57
2026-10-06T06:00:00+00:00,36.47
2026-10-06T07:00:00+00:00,35.25
2026-10-06T08:00:00+00:00,34.8
2026-10-06T09:00:00+00:00,45.58
2026-10-06T10:00:00+00:00,75.35
2026-10-06T11:00:00+00:00,104.34
2026-10-06T12:00:00+00:00,65.17
2026-10-06T13:00:00+00:00,47.35
2026-10-06T14:00:00+00:00,35.2
2026-10-06T15:00:00+00:00,34.97
2026-10-06T16:00:00+00:00,36.28
2026-10-06T17:00:00+00:00,32.87
2026-10-06T18:00:00+00:00,32.52
2026-10-06T19:00:00+00:00,32.23
2026-10-06T20:00:00+00:00,36.1
2026-10-06T21:00:00+00:00,63.37
2026-10-06T22:00:00+00:00,94.33
2026-10-06T23:00:00+00:00,101.39
2026-10-07T00:00:00+00:00,74.77
2026-10-07T01:00:00+00:00,46.57
2026-10-07T02:00:00+00:00,40.5
2026-10-07T03:00:00+00:00,35.95
2026-10-07T04:00:00+00:00,37.49
2026-10-07T05:00:00+00:00,22.27
2026-10-07T06:00:00+00:00,31.89
2026-10-07T07:00:00+00:00,28.78
2026-10-07T08:00:00+00:00,27.2
2026-10-07T09:00:00+00:00,29.46
2026-10-07T10:00:00+00:00,39.1
2026-10-07T11:00:00+00:00,56.31
2026-10-07T12:00:00+00:00,51.57
2026-10-07T13:00:00+00:00,47.82
2026-10-07T14:00:00+00:00,44.58
2026-10-07T15:00:00+00:00,41.28
2026-10-07T16:00:00+00:00,43.82
2026-10-07T17:00:00+00:00,49.22
2026-10-07T18:00:00+00:00,54.79
2026-10-07T19:00:00+00:00,54.52
2026-10-07T20:00:00+00:00,56.63
2026-10-07T21:00:00+00:00,77.19
2026-10-07T22:00:00+00:00,86.61
2026-10-07T23:00:00+00:00,98.65
2026-10-08T00:00:00+00:00,71.1
2026-10-08T01:00:00+00:00,53.29
2026-10-08T02:00:00+00:00,43.78
2026-10-08T03:00:00+00:00,45.43
2026-10-08T04:00:00+00:00,41.74
