station_name,electrical_zone
ABITIBI FORT FRANCES CTS,NORTHWEST
AGIMAK DS,NORTHWEST
AGINCOURT TS,TORONTO
ALBION TS,OTTAWA
ALEXANDER SS,NORTHWEST
ALGOMA SAULT ST. MARIE,NORTHWEST
ALGOMA TS,NORTHEAST
ALLANBURG TS,NIAGARA
ALLISTON TS,ESSA
ALMONTE TS,EAST
ANDREWS TS,NORTHEAST
ANSONVILLE TS,NORTHEAST
ANTOINE TS,NORTHEAST
ARDOCH DS,EAST
ARLEN MTS,SOUTHWEST
ARMITAGE TS,ESSA
ARNPRIOR TS,EAST
ASHFIELD SS,BRUCE
ASI TUBE TS,NORTHEAST
ATLANTIC PACKAGING CTS,TORONTO
ATTAWAPISKAT CTS,NORTHEAST
AYLMER TS,WEST
BALMER CTS,NORTHWEST
BARRETT CHUTE SS,EAST
BARRIE TS,ESSA
BARWICK TS,NORTHWEST
BASIN TS,TORONTO
BATCHAWANA TS,NORTHEAST
BATHURST TS,TORONTO
BATTERSEA DS,EAST
BAYER RUBBER CTS,WEST
BEACH TS,SOUTHWEST
BEAMSVILLE TS,NIAGARA
BEARDMORE DS 2,NORTHWEST
BEARSKIN LAKE TS (F),NORTHWEST
BEAVERTON TS,ESSA
BECK 1 SS,NIAGARA
BECK 2 TS,NIAGARA
BELL CREEK CTS,NORTHEAST
BELLE RIVER TS,WEST
BELLEVILLE TS,EAST
BERMONDSEY TS,TORONTO
BILBERRY CREEK TS,OTTAWA
BIRCH TS,NORTHWEST
BIRMINGHAM TS,SOUTHWEST
BLIND RIVER TS,NORTHEAST
BLOOMSBURG MTS,SOUTHWEST
BOWMANVILLE SS,EAST
BRACEBRIDGE TS,ESSA
BRAKE PARTS CTS,NORTHEAST
BRAMALEA TS,TORONTO
BRANT TS,SOUTHWEST
BRANTFORD TS,SOUTHWEST
BRIDGMAN TS,TORONTO
BRIDLEWOOD MTS,OTTAWA
BROCKVILLE TS,EAST
BRONTE TS,SOUTHWEST
BROWN HILL TS,ESSA
BRUCE A TS,BRUCE
BRUCE B SS,BRUCE
BRUCE HW PLANT B TS,BRUCE
BUCHANAN TS,WEST
BUNTING TS,NIAGARA
BURLEIGH DS,NORTHWEST
BURLINGTON TS,SOUTHWEST
BUTTONVILLE TS,TORONTO
CALDER CSS,NORTHEAST
CALEDONIA TS,SOUTHWEST
CALSTOCK DS,NORTHEAST
CAMBRIAN MTS,EAST
CAMPBELL TS,SOUTHWEST
CARDIFF TS,TORONTO
CARLAW TS,TORONTO
CARLING TS,OTTAWA
CARLTON TS,NIAGARA
CASSBURN DS,EAST
CATARAQUI TS,EAST
CAVANAGH TS,TORONTO
CECIL TS,TORONTO
CEDAR TS,SOUTHWEST
CENTRALIA TS,SOUTHWEST
CENTREPOINT MTS,OTTAWA
CHALK RIVER CTS,ESSA
CHAPLEAU DS,NORTHEAST
CHAPLEAU MTS,NORTHEAST
CHARLES TS,TORONTO
CHATHAM SS,WEST
CHATS FALLS TS,EAST
CHENAUX TS,EAST
CHERRYWOOD TS,TORONTO
CHESTERVILLE TS,EAST
CHURCHILL MEADOWS TS,TORONTO
CLAIREVILLE TS,TORONTO
CLARABELLE TS,NORTHEAST
CLARENCE DS,OTTAWA
CLARKE TS,WEST
CLEARWATER BAY DS,NORTHWEST
CLERGUE TS,NORTHEAST
CNP STATION 18 CTS,NIAGARA
CNP STEVENSVILLE CTS,NIAGARA
COBDEN DS,EAST
COBDEN TS,EAST
COCHRANE CTS,NORTHEAST
COCHRANE MTS,NORTHEAST
COCHRANE WEST DS,NORTHEAST
COMMERCE WAY TS,SOUTHWEST
CONISTON TS,NORTHEAST
CONSTANCE DS,SOUTHWEST
COOKSVILLE TS,TORONTO
COPELAND MTS,TORONTO
COPELAND MTS (NQ8192),TORONTO
COPELAND SS,TORONTO
COTE GOLD CTS,NORTHEAST
CRAWFORD TS,WEST
CROSBY TS,EAST
CROW RIVER DS,NORTHWEST
CROWLAND TS,NIAGARA
CRYSTAL FALLS SS,NORTHEAST
CRYSTAL FALLS TS,NORTHEAST
CUMBERLAND DS,OTTAWA
CUMBERLAND TS,SOUTHWEST
CYRVILLE MTS,OTTAWA
CYTEC WELLAND CTS,NIAGARA
DA WATSON TS,NORTHEAST
DECEW FALLS SS,NIAGARA
DEEP RIVER DS,ESSA
DEER LAKE SS (T),NORTHWEST
DEER LAKE TS (U),NORTHWEST
DES JOACHIMS DS,ESSA
DES JOACHIMS TS,ESSA
DETOUR LAKE CTS,NORTHEAST
DETWEILER TS,SOUTHWEST
DINORWIC SS (A),NORTHWEST
DOBBIN DS,EAST
DOBBIN TS,EAST
DOFASCO BAYFRONT CTS,SOUTHWEST
DOME MINE CTS,NORTHEAST
DOUGLAS POINT TS,BRUCE
DRYDEN TS,NORTHWEST
DUART TS,WEST
DUFFERIN TS,TORONTO
DUNDAS 2 TS,SOUTHWEST
DUNDAS TS,SOUTHWEST
DUNNVILLE TS,NIAGARA
DUPLEX TS,TORONTO
DYMOND TS,NORTHEAST
EAR FALLS TS,NORTHWEST
EBANE JUNCTION SS (C),NORTHWEST
ECHO RIVER TS,NORTHEAST
EDGEWARE TS,WEST
ELGIN TS,SOUTHWEST
ELLESMERE TS,TORONTO
ELLIOTT LAKE TS,NORTHEAST
ELLWOOD MTS,OTTAWA
ELMIRA TS,SOUTHWEST
ENFIELD TS,TORONTO
ERINDALE TS,TORONTO
ESKER CTS,NORTHWEST
ESPANOLA TS,NORTHEAST
ESPLANADE TS,TORONTO
ESSA TS,ESSA
ESSEX TS,WEST
ETON DS,NORTHWEST
EVERETT TS,ESSA
EVERGREEN SS,BRUCE
FAIRBANK TS,TORONTO
FAIRCHILD TS,TORONTO
FALLOWFIELD DS,OTTAWA
FAUQUIER DS,NORTHEAST
FERGUS TS,SOUTHWEST
FESTIVAL MTS1,SOUTHWEST
FINCH TS,TORONTO
FLAKEBOARD TS,NORTHEAST
FORD ANNEX MTS,WEST
FORD ESSEX CTS,WEST
FORD OAKVILLE CTS,TORONTO
FOREST JURA DS,WEST
FOREST LEA DS,ESSA
FORT ALBANY CTS,NORTHEAST
FORT FRANCES MTS,NORTHWEST
FORT FRANCES TS,NORTHWEST
FORT WILLIAM TS,NORTHWEST
FRONTENAC TS,EAST
GAGE TS,SOUTHWEST
GALT TS,SOUTHWEST
GARDINER TS,EAST
GEON CTS,NIAGARA
GERDAU CAMBRIDGE CTS,SOUTHWEST
GERDAU WHITBY CTS,TORONTO
GERRARD TS,TORONTO
GLENDALE TS,NIAGARA
GLENGROVE TS,TORONTO
GLENORCHY MTS1,SOUTHWEST
GODERICH TS,SOUTHWEST
GOLD MINES CTS,NORTHEAST
GOREWAY TS,TORONTO
GOULAIS BAY DS,NORTHEAST
GOWGANDA DS,NORTHEAST
GRAND BEND EAST DS,SOUTHWEST
GREELY DS,OTTAWA
HALEY INDUSTRIES CTS,EAST
HALTON HILLS MTS 1,SOUTHWEST
HALTON TS,SOUTHWEST
HAMILTON NEBO TS,SOUTHWEST
HANLON TS,SOUTHWEST
HANMER TS,NORTHEAST
HANOVER TS,SOUTHWEST
HARROWSMITH DS,EAST
HAVELOCK TS,EAST
HAWKESBURY MS 1,OTTAWA
HAWTHORNE TS,OTTAWA
HEARN SS,TORONTO
HEARST TS,NORTHEAST
HERRIDGE LAKE DS,NORTHEAST
HIGHBURY TS,WEST
HILLCREST CTS NQ9577,NORTHEAST
HINCHEY TS,OTTAWA
HINCHINBROOKE DS,EAST
HINCHINBROOKE SS,EAST
HOLLAND TS,ESSA
HOLLOWAY CTS,NORTHEAST
HORNER TS,TORONTO
HORNING TS,SOUTHWEST
HOYLE DS,NORTHEAST
HUNTA SS,NORTHEAST
IBM TS,TORONTO
IMPERIAL OIL SARNIA CTS,WEST
INCO CTS,NORTHEAST
INGERSOLL TS,SOUTHWEST
INMET WINSTON LAKE CTS,NORTHWEST
IPPL BRYANSTON CTS,SOUTHWEST
IPPL KEYSER CTS,WEST
IPPL WESTOVER CTS,SOUTHWEST
IROQUOIS FALLS DS,NORTHEAST
ISLAND FALLS SS,NORTHEAST
IVACO CTS,OTTAWA
JARVIS TS,SOUTHWEST
JBL CTS,NIAGARA
JELLICOE DS,NORTHWEST
JIM YARROW MTS,TORONTO
JOHN TS,TORONTO
KALAR MTS,NIAGARA
KANATA MTS,OTTAWA
KAPUSKASING TS,NORTHEAST
KARN TS,SOUTHWEST
KASABONIKA LAKE TS (L),NORTHWEST
KASHECHEWAN CTS,NORTHEAST
KEEWATIN DS,NORTHWEST
KEEWAYWIN TS (Y),NORTHWEST
KEITH TS,WEST
KENILWORTH TS,SOUTHWEST
KENORA DS,NORTHWEST
KENORA MTS,NORTHWEST
KENORA TS,NORTHWEST
KENT TS,WEST
KI-WAPEKEKA TS (M),NORTHWEST
KING EDWARD TS,OTTAWA
KINGFISHER LAKE TS (J),NORTHWEST
KINROSS GOLD MINE CTS,NORTHEAST
KIRKLAND LAKE TS,NORTHEAST
KITCHENER 4,SOUTHWEST
KITCHENER MTS 3,SOUTHWEST
KITCHENER MTS 5,SOUTHWEST
KITCHENER MTS 6,SOUTHWEST
KITCHENER MTS 7,SOUTHWEST
KITCHENER MTS 8,SOUTHWEST
KITCHENER MTS 9,SOUTHWEST
KITCHENER TS,SOUTHWEST
KLEINBURG TS,TORONTO
LAC DES ILES MINE CTS,NORTHWEST
LAFOREST ROAD DS,NORTHEAST
LAKE TS,SOUTHWEST
LAKEHEAD TS,NORTHWEST
LAMBTON TS,WEST
LAMBTON TS 2,WEST
LARCHWOOD TS,NORTHEAST
LEAMINGTON TS,WEST
LEASIDE TS,TORONTO
LENNOX TS,EAST
LESLIE TS,TORONTO
LIMEBANK MTS,OTTAWA
LIMER 44KV TS,NORTHEAST
LINCOLN HEIGHTS TS,OTTAWA
LINDSAY TS,ESSA
LISGAR TS,OTTAWA
LITTLE LONG SS,NORTHEAST
LODGEROOM DS,EAST
LONDON HIGHBURY TS,WEST
LONDON NELSON TS,WEST
LONG LAC TS,NORTHWEST
LONGUEUIL TS,OTTAWA
LONGWOOD DESN,WEST
LONGWOOD TS,WEST
LORNE PARK TS,TORONTO
MACASSA CTS,NORTHEAST
MACKAY TS,NORTHEAST
MACKENZIE TS,NORTHWEST
MAIN TS,TORONTO
MAJESTIC CTS,BRUCE
MALDEN TS,WEST
MALVERN TS,TORONTO
MANBY TS,TORONTO
MANITOULIN TS,NORTHEAST
MANITOUWADGE DS,NORTHWEST
MANITOUWADGE TS,NORTHWEST
MANORDALE MTS,OTTAWA
MANOTICK DS,OTTAWA
MARATHON DS,NORTHWEST
MARATHON TS,NORTHWEST
MARCHWOOD MTS,OTTAWA
MARGACH DS,NORTHWEST
MARIONVILLE DS,OTTAWA
MARKHAM MTS 1,TORONTO
MARKHAM MTS 2,TORONTO
MARKHAM MTS 3,TORONTO
MARKHAM MTS 4,TORONTO
MARTINDALE TS,NORTHEAST
MASSEY DS,NORTHEAST
MASTRON 2 CTS - NA9532,WEST
MATTABI MINE CTS,NORTHWEST
MATTAWA DS,NORTHEAST
MAZINAW DS,EAST
MCMASTER CTS,SOUTHWEST
MEADOWVALE TS,SOUTHWEST
MEAFORD TS,SOUTHWEST
MERIVALE MTS,OTTAWA
MERIVALE TS,OTTAWA
MIDDLEPORT TS,SOUTHWEST
MIDHURST TS,ESSA
MILE HILL TS,NORTHEAST
MILTON TS,SOUTHWEST
MINAKI DS,NORTHWEST
MINDEN TS,ESSA
MISSISSAGI TS,NORTHEAST
MODELAND TS,WEST
MOHAWK TS,SOUTHWEST
MONTEITH DS,NORTHEAST
MOOSE LAKE TS,NORTHWEST
MOOSONEE DS,NORTHEAST
MOOSONEE SS,NORTHEAST
MORRISBURG TS,EAST
MOULTON MTS,OTTAWA
MOUNTAIN CHUTE DS,EAST
MURILLO DS,NORTHWEST
MURRAY TS,NIAGARA
MUSKOKA TS,ESSA
MUSKRAT DAM TS (E),NORTHWEST
MUSSELWHITE CSS,NORTHWEST
MUSSELWHITE CTS,NORTHWEST
NANTICOKE TS,SOUTHWEST
NAPANEE TS,EAST
NATIONAL RESEARCH TS,OTTAWA
NAVAN DS,OTTAWA
NEPEAN EPWORTH MTS,OTTAWA
NEPEAN TS,OTTAWA
NESTOR FALLS DS,NORTHWEST
NEWINGTON DS,EAST
NEWTON TS,SOUTHWEST
NEXTSTAR TS,WEST
NIAGARA ON THE LAKE DS,NIAGARA
NIAGARA STANLEY TS,NIAGARA
NIAGARA TS,NIAGARA
NIAGARA WEST MTS,SOUTHWEST
NICKEL RIM MINE CTS,NORTHEAST
NIPIGON DS,NORTHWEST
NOBEL SS,NORTHEAST
NORAMPAC CTS,NORTHWEST
NORANDA MINES GECO CTS,NORTHWEST
NORFOLK TS,SOUTHWEST
NORTH BAY TS,NORTHEAST
NORTH SHORE DS,NORTHEAST
NORTH SPIRIT LAKE TS (V),NORTHWEST
NORTHBROOKE DS,EAST
NORTHERN AVENUE TS,NORTHEAST
NOTRE DEVELOPMENT CTS,NORTHEAST
NOVA CORUNNA CTS,WEST
NOVA MOORE CTS,WEST
NOVA ST. CLAIR RIVER CTS,WEST
NOVELIS INC. CTS,EAST
OAKVILLE TS 2,TORONTO
OCWA GRAND BEND CTS,SOUTHWEST
OCWA MCGILLIVARY CTS,SOUTHWEST
ONAKAWANA CTS,NORTHEAST
ORANGEVILLE TS,SOUTHWEST
ORILLIA TS,ESSA
ORLEANS TS,OTTAWA
OSHAWA GM TS,TORONTO
OSHAWA THORNTON TS,TORONTO
OSHAWA WILSON TS,TORONTO
OTONABEE TS,EAST
OTTER RAPIDS SS,NORTHEAST
OTTO HOLDEN TS,NORTHEAST
OVERBROOK TS,OTTAWA
OWEN SOUND TS,SOUTHWEST
PALERMO TS,SOUTHWEST
PALMERSTON TS,SOUTHWEST
PANABRASIVES CTS,NIAGARA
PARKHILL CTS,BRUCE
PARKS TS,NIAGARA
PARKWAY TS,TORONTO
PARRY SOUND TS,ESSA
PATRICK ST TS,NORTHEAST
PEMBROKE TS,EAST
PERRAULT FALLS DS,NORTHWEST
PETAWAWA CRAIG DS,ESSA
PETAWAWA DS,ESSA
PIC DS,NORTHWEST
PICKERING A SS,TORONTO
PICKERING B SS,TORONTO
PICKLE LAKE TS (B),NORTHWEST
PICTON TS,EAST
PIKANGIKUM TS (Q),NORTHWEST
PINARD TS,NORTHEAST
PINE PORTAGE SS,NORTHWEST
PIPERVILLE MTS,OTTAWA
PLEASANT TS,TORONTO
POPLAR HILL SS (R),NORTHWEST
POPLAR HILL TS (S),NORTHWEST
PORCUPINE TS,NORTHEAST
PORT ARTHUR TS 1,NORTHWEST
PORT COLBORNE TS,NIAGARA
PORT HOPE TS,EAST
POWERLINE MTS,SOUTHWEST
PRESTON TS,SOUTHWEST
PRICE IROQUOIS FALLS CTS,NORTHEAST
PROVINCIAL PAPER CTS,NORTHWEST
PUSLINCH DS,SOUTHWEST
RABBIT LAKE SS,NORTHWEST
RAINY RIVER GOLD CTS,NORTHWEST
RAMORE TS,NORTHEAST
RED LAKE SS (P),NORTHWEST
RED LAKE TS,NORTHWEST
RED ROCK DS,NORTHWEST
RENISON CTS,NORTHEAST
RESOLUTE FP CTS,NIAGARA
REXDALE TS,TORONTO
RICHMOND DS,OTTAWA
RICHMOND HILL MTS 1,TORONTO
RICHVIEW TS,TORONTO
RIVERDALE TS,OTTAWA
ROCKLAND DS,OTTAWA
ROCKLAND EAST DS,OTTAWA
ROKEBY CTS,WEST
ROSEMOUNT CTS,EAST
RUNNYMEDE TS,TORONTO
RUSH MTS,SOUTHWEST
RUSSELL DS,OTTAWA
RUSSELL TS,OTTAWA
SACHIGO LAKE TS (G),NORTHWEST
SAM LAKE DS,NORTHWEST
SANDUSK SS,SOUTHWEST
SANDY LAKE SS (Z),NORTHWEST
SANDY LAKE TS (W),NORTHWEST
SAPAWE DS,NORTHWEST
SCARBORO TS,TORONTO
SCHEIFELE MTS,SOUTHWEST
SCOTT TS,WEST
SEAFORTH TS,SOUTHWEST
SEATON MTS #1,TORONTO
SHABAQUA DS,NORTHWEST
SHARBOT DS,EAST
SHELL SARNIA CTS,WEST
SHEPPARD TS,TORONTO
SHININGTREE DS,NORTHEAST
SIDNEY TS,EAST
SIOUX NARROWS DS,NORTHWEST
SLATE FALLS DS,NORTHWEST
SLATER TS,OTTAWA
SMITHS FALLS TS,EAST
SMOOTH ROCK FALLS DS,NORTHEAST
SOUTH GLOUCESTER DS,OTTAWA
SOUTH MARCH TS,OTTAWA
SOUTHMARCH SS,OTTAWA
SOWERBY DS,NORTHEAST
SPANISH DS,NORTHEAST
SPENCE SS,WEST
SPRUCE FALLS TS,NORTHEAST
ST. ANDREWS TS,WEST
ST. ISIDORE TS,OTTAWA
ST. LAWRENCE TS,EAST
ST. MARYS CEMENT CTS,SOUTHWEST
ST. MARYS TS,SOUTHWEST
ST. MARYS TS PUC,NORTHEAST
ST. THOMAS TS,WEST
STAYNER TS,ESSA
STEWARTVILLE TS,EAST
STIRTON TS,SOUTHWEST
STRACHAN TS,TORONTO
STRATFORD TS,SOUTHWEST
STRATHROY TS,WEST
STRIKER DS,NORTHEAST
SUMMERHAVEN SS,SOUTHWEST
SUNOCO CTS,WEST
TALBOT TS,WEST
TARENTORUS TS,NORTHEAST
TCPL COBOURG CTS,EAST
TCPL SHANNONVILLE CTS,EAST
TCPL VERMILLION BAY CTS,NORTHWEST
TECK CORONA CTS,NORTHWEST
TEMAGAMI DS 2,NORTHEAST
TERAULEY TS,TORONTO
TERRACE BAY SS,NORTHWEST
TERRY FOX MTS,EAST
THIRD LINE TS,NORTHEAST
THOROLD EXOLON TS,NIAGARA
THUNDER BAY SS,NORTHWEST
TILBURY TS,WEST
TILBURY WEST DS,WEST
TILLSONBURG TS,WEST
TIMMINS TS,NORTHEAST
TIMMINS WEST MINE CTS,NORTHEAST
TOMKEN TS,TORONTO
TOYOTA WOODSTOCK TS,SOUTHWEST
TRAFALGAR TS,SOUTHWEST
TREMAINE TS,SOUTHWEST
TROUT LAKE TS,NORTHEAST
UPLANDS MTS,OTTAWA
VALORA DS,NORTHWEST
VANSICKLE TS,NIAGARA
VAUGHAN MTS #4,TORONTO
VAUGHAN MTS 1,TORONTO
VAUGHAN MTS 2,TORONTO
VAUGHAN MTS 3,TORONTO
VERMILION BAY DS,NORTHWEST
VERNER DS,NORTHEAST
VICTORIA MINE CTS,NORTHEAST
VINELAND DS,NIAGARA
VOYAGEUR CTS,NORTHWEST
WALLACE TS,ESSA
WALLACEBURG TS,WEST
WANSTEAD TS,WEST
WARDEN TS,TORONTO
WARREN DS,NORTHEAST
WATERLOO MTS 3,SOUTHWEST
WAUBAUSHENE TS,ESSA
WAWA TS,NORTHEAST
WAWAKAPEWIN TS (K),NORTHWEST
WENDOVER DS,OTTAWA
WESTON LAKE DS,NORTHEAST
WHARNCLIFFE DS,NORTHEAST
WHITBY TS,TORONTO
WHITE RIVER DS,NORTHWEST
WHITEFISH DS,NORTHEAST
WIDDIFIELD TS,NORTHEAST
WILHAVEN DS,OTTAWA
WILTSHIRE TS,TORONTO
WINDSOR CRAWFORD TS,WEST
WINDSOR LAUZON TS,WEST
WINDSOR WALKER MTS 2,WEST
WINDSOR WALKER TS,WEST
WINGHAM TS,SOUTHWEST
WINONA TS,SOUTHWEST
WOLVERTON DS,SOUTHWEST
WONDERLAND TS,WEST
WOODBRIDGE TS,TORONTO
WOODROFFE TS,OTTAWA
WOODSTOCK TS,SOUTHWEST
WUNNUMIN LAKE TS (I),NORTHWEST
YOUNG DAVIDSON CTS,NORTHEAST
