licence_no,utility_name,n_nodes,node_names,node_types,mean_premium,std_premium,mean_congestion,mean_loss,span_km,heterogeneous,method,distance_km,owner_override,owner_status,status_reason
ED-2001-0090,Attawapiskat Power Corporation,1,ATTAWAPISKAT-LT.T3_LF,load:1,-0.773775,,0.1134093749999999,-0.6639031249999999,0.0,False,in_polygon,0.0,,rejected,no adoption data
ED-2002-0493,Cooperative Hydro Embrun Inc.,1,RUSSELLDS-LT.TT12_LF,load,1.806009375,,0.13173125,1.897578125,0.0,False,nearest_within_30km,3.77,,rejected,method=nearest_within_30km
ED-2002-0497,Toronto Hydro-Electric System Limited,36,AGINCOURT-LT.LFBY; BASIN-LT.TT1_LF; BATHURST-LT.LFBJQY; BERMONDSEY-LT.LFBJQY; BRIDGMAN-LT.LFJ; CARLAW-LT.T1_LF; CAVANAGH-LT.LFJQ; CECIL-LT.TT1_LF; CHARLES-LT.TT_LF; COPELAND-LT.LFT1; DUFFERIN-LT.T1_LF; DUPLEX-LT.T1_LF; ELLESMERE-LT.LFJQ; ESPLANADE-LT.TT_LF; FAIRBANK-LT.TT1_LF; FAIRCHILD-LT.LFBJQY; FINCH-LT.LFBJQY; GERRARD-LT.TT1_LF; GLENGROVE-LT.TT1_LF; HORNER-LT.LFBEJQYZ; ISLINGTON-LT.M12_LF; JOHN-LT.T2_LF; LEASIDE-LT.LFB; LESLIE-LT.LFBJQY; MAINS-LT.T3_LF; MALVERN-LT.LFJQ; MANBYW-LT.LFBYQZ; REXDALE-LT.LFBEZY; RICHVIEW-LT.LFBEJY; RUNNYMEDE-LT.T3_LF; SCARBORO-LT.LFBJQY; SHEPPARD-LT.LFEJKLQZ; STRACHAN-LT.TT1_LF; TERAULEY-LT.T1_LF; WARDEN-LT.LFJQ; WILTSHIRE-LT.TT1_LF,load:36,-0.1968609375,0.1809385780138439,0.0,0.026495486111111105,35.71405112190017,False,in_polygon,0.0,approved,approved,owner_override=approved: 37 load nodes in polygon; consistent signal. (rule would be approved)
ED-2002-0499,Essex Powerlines Corporation,1,MALDEN-LT_ENWIN,load,-0.5907749999999999,,-0.0557531249999999,-0.311625,0.0,False,nearest_within_30km,0.27,,rejected,method=nearest_within_30km
ED-2002-0500,Orangeville Hydro Limited,1,ORANGEVLE-LT.LFBEYZ,load,-0.3871843749999999,,-0.0121218749999999,-0.151703125,0.0,False,nearest_within_30km,1.34,,rejected,method=nearest_within_30km
ED-2002-0511,Wellington North Power Inc.,1,PALMERSTON-LT.TT_LF,load,0.7497124999999999,,-0.039425,1.012459375,0.0,False,nearest_within_30km,15.88,,rejected,method=nearest_within_30km
ED-2002-0513,Festival Hydro Inc.,3,FESTIVALMTS1-LT.LJ; STMARYCMNT-LT.T1_LF; STRATFORD-LT.LFBY,load:3,-0.047370833333333306,0.747030453241139,-0.04492916666666663,0.2210927083333333,18.639560318029694,False,in_polygon,0.0,,approved,"rule: >=1 load node, in_polygon, not heterogeneous, adoption reported"
ED-2002-0514,Sioux Lookout Hydro Inc.,1,SAMLAKE-LT.T1_LF,load:1,2.3332,,0.6461343749999999,1.9103625,0.0,False,in_polygon,0.0,,approved,"rule: >=1 load node, in_polygon, not heterogeneous, adoption reported"
ED-2002-0515,Westario Power Inc.,1,HANOVER-LT.T12,load:1,-1.4702281249999996,,-0.039425,-1.207471875,0.0,False,in_polygon,0.0,,approved,"rule: >=1 load node, in_polygon, not heterogeneous, adoption reported"
ED-2002-0516,ERTH Power Corporation,1,GODERICH-LT.LFQZ,load:1,-0.311909375,,-0.04645625,-0.0421312499999999,0.0,False,in_polygon,0.0,,approved,"rule: >=1 load node, in_polygon, not heterogeneous, adoption reported"
ED-2002-0517,Bluewater Power Distribution Corporation,6,BAYER-LT.LFBY; IMPERIAL-LT.T1_LF; MODELAND-LT.LFJQ; STANDREW-LT.TT_LF; SUNCANADIAN-LT.T1_LF; SUNOCO-LT.T1_LF,load:6,-1.5133114583333331,0.16038053616792283,-0.055618229166666665,-1.2343989583333332,8.146054173910803,False,in_polygon,0.0,approved,approved,owner_override=approved: 6 industrial/load nodes in Sarnia after dropping generation. (rule would be approved)
ED-2002-0518,EPCOR Electricity Distribution Ontario Inc.,1,STAYNER-LT.T4_LFY,load:1,0.130196875,,0.1026437499999999,0.250975,0.0,False,in_polygon,0.0,,approved,"rule: >=1 load node, in_polygon, not heterogeneous, adoption reported"
ED-2002-0520,InnPower Corporation,1,BARRIE-LT.LFEQ12,load,-0.0111624999999999,,0.1026437499999999,0.10965625,0.0,False,nearest_within_30km,5.11,,rejected,method=nearest_within_30km
ED-2002-0527,ENWIN Utilities Ltd.,12,CHRYSLER-LT.T1_LF; CRAWFORD-LT.LFEY; ESSEX-LT.LFB1; FORDANEX-LT.T1_LF; FORDCTS-LT.T1_LF; FORDEEP-LT.LFAB; GMCTS-LT.T1_LF; KEITH-LT.LFBY; MALDEN-LT_ENWIN; WALKER-LT.LFBY; WALKER-LT.LFEQ; WESTONLAKE-LT.T1_LF,load:12,-0.1952302083333333,0.21701405327074583,-0.04165390624999991,0.06966692708333332,13.252177091602606,False,in_polygon,0.0,approved,approved,owner_override=approved: 12 load nodes after dropping generation and batteries. (rule would be approved)
ED-2002-0533,Hearst Power Distribution Company Limited,1,HEARST-LT_H1,load:1,-4.490478125,,-2.051184375,-2.215684375,0.0,False,in_polygon,0.0,,approved,"rule: >=1 load node, in_polygon, not heterogeneous, adoption reported"
ED-2002-0540,Lakeland Power Distribution Ltd.,1,TCPLBRACEB-LT.LF_HONI,load:1,0.7777218750000001,,0.1097,0.891278125,0.0,False,in_polygon,0.0,,approved,"rule: >=1 load node, in_polygon, not heterogeneous, adoption reported"
ED-2002-0542,Hydro 2000 Inc.,1,WENDOVER-LT.T12,load,2.226153125,,0.1340249999999999,2.31529375,0.0,False,nearest_within_30km,10.41,,rejected,method=nearest_within_30km
ED-2002-0544,Wasaga Distribution Inc.,1,STAYNER-LT.T4_LFY,load,0.130196875,,0.1026437499999999,0.250975,0.0,False,nearest_within_30km,4.49,,rejected,method=nearest_within_30km
ED-2002-0546,PUC Distribution Inc.,6,ASITUBE-LT.T1_LF; FLAKEBOARD-LT.T1_LF; PATRICKSTEEL-LT.10T1_LF; PATRICKSTEEL-LT.314T_LF; PATRICKSTEEL-LT.T6_LF; STMARYS-LT.TT_LF,load:6,-0.3030557291666667,0.024858076483737706,0.13178125,-0.2113770833333333,7.982170211953572,False,in_polygon,0.0,approved,approved,owner_override=approved: 6 load nodes after quarantining the NORTHBAY coordinate. (rule would be approved)
ED-2002-0547,Niagara-On-The-Lake Hydro Inc.,2,NIAGARALAKE-LT.T1_LF; NOTL1-LT.T1_LF,load:2,-1.7320609375,0.12970327104783358,-0.023609375,-1.4850515624999998,4.019075528145764,False,in_polygon,0.0,,approved,"rule: >=1 load node, in_polygon, not heterogeneous, adoption reported"
ED-2002-0552,Halton Hills Hydro Inc.,1,MEADOWVALE-LT.LFEZ,load:1,-0.68641875,,-0.06266875,-0.400253125,0.0,False,in_polygon,0.0,,approved,"rule: >=1 load node, in_polygon, not heterogeneous, adoption reported"
ED-2002-0554,Grimsby Power Incorporated,1,NIAGARAWEST-LT.LFBY,load,-0.870678125,,-0.058565625,-0.588896875,0.0,False,nearest_within_30km,2.51,,rejected,method=nearest_within_30km
ED-2002-0556,Hydro Ottawa Limited,33,ALBION-LT.LFBJQY; BILBERYCREEK-LT.T12; BRIDLEWOOD-LT.TT_LF; CAMBRIAN-LT.TOTAL_LOAD; CARLING-LT.TT15_LF; CENTREPOINT-LT.T12; CYRVILLE-LT.LFJQ; ELLWOOD-LT.LFJQ; EPWORTH-LT.T12; FALLOWFIELD-LT.G_POWERTRAIL; FALLOWFIELD-LT.TT_LF; GLOUCESTER-LT.T12; HAWTHORNE-LT.LFB; HINCHEY-LT.T3_LF; KANATA-LT.T1_LF; KINGEDWARD-LT.T3_LF; LIMEBANK-LT.LFJQ12; LINCOLNHTS-LT.T1_LF; LISGAR-LT.T1_LF; MANORDALE-LT.T12; MARCHWOOD-LT.T12; MERIVALE-LT.T1_LF; MOULTON-LT.TT_LF; NATIONALAERO-LT.T1_LF; NTLRESEARCH-LT.TT_LF; RICHMOND-LT.T1_LF; RIVERDALE-LT.T2_LF; RUSSELL-LT.T1_LF; SLATER-LT.T1_LF; SOUTHMARCH-LT.LFQY; TERRYFOX-LT.LFJQ; UPLANDS-LT.TOTAL_LOAD; WOODROFFE-LT.TT13_LF,load:33,1.6536064393939394,0.15182970146125113,0.12378929924242424,1.7531847537878789,36.75653173156911,False,in_polygon,0.0,approved,approved,owner_override=approved: 34 load nodes in polygon; consistent signal. (rule would be approved)
ED-2002-0557,London Hydro Inc.,7,BUCHANANDESN-LT.LFBY; CLARKE-LT.LFBY; HIGHBURY-LT.TT_LF; NELSON-LT.TT_LF; NELSONCHP2-LT.TG; TALBOT-LT.LFBJQY; WONDERLAND-LT.LFBY,load:7,-0.5588464285714286,0.06545439335000339,-0.05413883928571427,-0.28141294642857145,12.821387621075665,False,in_polygon,0.0,approved,approved,owner_override=approved: 8 load nodes; bus and battery nodes excluded. (rule would be approved)
ED-2002-0559,Greater Sudbury Hydro Inc.,4,CLARABELLE-LT_H1; FROOD-LT.T12; MARTINDALE-LT.LFJ; NEELONSTEEL-LT.TT_LF,load:4,0.21075234374999996,0.05018729804695518,0.11339687499999995,0.32073828125,10.794156723642946,False,in_polygon,0.0,approved,approved,owner_override=approved: 4 load nodes; compact territory. (rule would be approved)
ED-2002-0560,Oshawa PUC Networks Inc.,4,OSHAWAGM2-LT.LFABCD; THORNTON-LT.LFBY; WILSON-LT.LFEZ; WILSON-LT.LFJQ,load:4,-0.31478359375,0.07205436769192462,0.0,-0.0913578125,6.372177102687882,False,in_polygon,0.0,approved,approved,owner_override=approved: 4 load nodes; compact territory. (rule would be approved)
ED-2002-0563,Entegrus Powerlines Inc.,3,EDGEWARE-LT.BY; KENT-LT.LFBEYZ; STRATHROY-LT.TT_LF,load:3,-0.5703895833333333,0.45290186696127144,-0.054672916666666634,-0.2923822916666667,94.01047144660247,False,in_polygon,0.0,approved,approved,owner_override=approved: 3 load nodes after filtering; spread under 100 km; verify after re-run. (rule would be approved)
ED-2002-0572,Canadian Niagara Power Inc.,4,CNP18-LT.T1_LF; INCOC2P-LT.T1_LF; PORTCOLBORNE-LT.TT6162; STATION17-LT.TB1_LF,load:4,-1.0238484374999999,0.12043851199897,-0.023609375,-0.77681328125,25.887628122301084,False,in_polygon,0.0,,approved,"rule: >=1 load node, in_polygon, not heterogeneous, adoption reported"
ED-2002-0577,Renfrew Hydro Inc.,1,HALEYIND-LT.T1_LF,load,0.7557906249999999,,0.0035437499999999,0.975421875,0.0,False,nearest_within_30km,12.34,,rejected,method=nearest_within_30km
ED-2003-0001,Atikokan Hydro Inc.,2,MACKENZIE-LT.T1_LF; MOOSELAKE-LT.T23_LF,load:2,0.319446875,0.06845235583624014,0.2496406249999999,0.2930828125,8.741314647685638,False,in_polygon,0.0,,approved,"rule: >=1 load node, in_polygon, not heterogeneous, adoption reported"
ED-2003-0002,Welland Hydro-Electric System Corp.,3,ATLASTEEL-LT.T23; CROWLAND-LT.T5_LF; PANABRASIVES-LT.T1_LF,load:3,-1.1003333333333334,0.17686161657994318,-0.023609375,-0.8533375,3.9106332064296576,False,in_polygon,0.0,,approved,"rule: >=1 load node, in_polygon, not heterogeneous, adoption reported"
ED-2003-0003,Rideau St. Lawrence Distribution Inc.,1,CARDINAL-115.T3_LF,load:1,-0.6410250000000001,,0.0,-0.417646875,0.0,False,in_polygon,0.0,,approved,"rule: >=1 load node, in_polygon, not heterogeneous, adoption reported"
ED-2003-0004,Burlington Hydro Inc.,2,BURLNGTNDESN-LT.LFBJQY; TREMAINE-LT.LFBY,load:2,-0.333590625,0.06683042965689358,-0.06007499999999995,-0.0501453124999999,11.15836356285122,False,in_polygon,0.0,approved,approved,owner_override=approved: 3 load nodes; compact territory. (rule would be approved)
ED-2003-0014,Milton Hydro Distribution Inc.,4,GLENORCHY1-LT.T1_LF; HALTON-LT.LFJQ; HALTONMTS1-LT.LFJZ; TRAFALGRDESN-LT.LFBY,load:4,-0.617384375,0.12569507029559499,-0.062609375,-0.33126249999999996,9.600422945494998,False,in_polygon,0.0,approved,approved,owner_override=approved: 4 load nodes; compact territory. (rule would be approved)
ED-2003-0015,E.L.K. Energy Inc.,1,KINGSVILLE-LT.T1_LF,load,0.61271875,,-0.0557531249999999,0.8919125,0.0,False,nearest_within_30km,0.34,,rejected,method=nearest_within_30km
ED-2003-0018,Northern Ontario Wires Inc.,3,COCHRANEMS-LT.TT_LF; COCHRANEWEST-LT.T1_LF; SPRUCEFALLS-LT.T1_LF,load:3,-1.3677729166666666,0.07733903459952482,0.1822687499999999,-1.3266885416666667,110.50237817591274,True,in_polygon,0.0,,rejected,heterogeneous
ED-2003-0024,North Bay Hydro Distribution Limited,3,DOMTRESPNOLA-LT.AT123_LF; ESPANOLA-LT.TT_LF; TROUTLAKE-LT.LFBY,load:3,0.20634062499999994,0.05835031589661163,0.11329687499999992,0.31639687499999997,184.2619620024842,True,in_polygon,0.0,,rejected,heterogeneous
ED-2003-0026,Tillsonburg Hydro Inc.,1,TILLSONBURG-LT.TT_LF,load:1,0.651403125,,-0.0541125,0.928715625,0.0,False,in_polygon,0.0,,approved,"rule: >=1 load node, in_polygon, not heterogeneous, adoption reported"
ED-2003-0027,Hydro Hawkesbury Inc.,1,HAWKESBURY-LT.TT12_LF,load:1,2.5565375,,0.1340249999999999,2.645859375,0.0,False,in_polygon,0.0,,approved,"rule: >=1 load node, in_polygon, not heterogeneous, adoption reported"
ED-2003-0028,Fort Frances Power Corporation,1,FFMS-LT.T1_LF,load:1,1.0580375,,0.6461343749999999,0.6353125,0.0,False,in_polygon,0.0,,approved,"rule: >=1 load node, in_polygon, not heterogeneous, adoption reported"
ED-2003-0033,Ottawa River Power Corporation,1,ALMONTE-LT.LFJQ,load,1.272015625,,-0.00325625,1.4987,0.0,False,nearest_within_30km,1.67,,rejected,method=nearest_within_30km
ED-2003-0037,Hydro One Remote Communities Inc.,7,CATLAKE-LT.T1_LF; DETOUR-LT.T2_LF; FORTALBANY-LT.T1_LF; GRUBSTAKE-LT.T1_LF; KINGFISHER-LT.J_66999-LF; NCARIBOULK-LT.D1_LF; ONAKAWANA-LT.T1_LF,load:7,1.8877848214285715,3.6663867990882713,0.07320089285714275,2.038010267857143,870.7418250645104,True,in_polygon,0.0,,rejected,heterogeneous; no adoption data
ED-2003-0043,Hydro One Networks Inc.,233,AGIMAKDS-LT.TT_LF; ALANBRG28KV-LT_H1; ALGOMAEAF-LT.EAF1; ALLISTON-LT.LFT2; ALMONTE-LT.LFJQ; AMARANTH-LT.FA11; ARDOCH-LT.T1_LF; ARNPRIOR-LT.TT1_LF; AYLMER-LT.TT_LF; BALMERCTS-115.T1_LFA; BARRICK-LT.T1_LF; BARWICK-LT.LFBY; BATLEMTNGOLD-LT.T1_LF; BATTERSEA-LT.TT12_LF; BEARDMORE-LT.T12; BEAVERTON-LT.LFJQ; BELLCREEK-LT.TT_LF; BELLERIVERTS-LT.LFBQ; BLOOMSBURG-LT_LF; BROCKVLE-LT.LFBQ; BROWNHILL-LT.LFB; BRUCEHWB-LT.T7_LF; BURLEIGH-LT.T1_LF; CALEDONIA-LT_HALD; CALSTOCKDS-LT.T1A_LF; CARMEUSELIME-LT.T1_LF; CENTRALIA-LT.TT_LF; CHALKRIVER-LT.T1234; CHAPLEAU-LT.T2_LF; CHAPLEAU-LT.TT_LF; CHESTERVL-LT.T1_LF; CLARENCE-LT.T1_LF; CLEARWATRBAY-LT.T1_LF; COBDEN-LT.T12; COBDEN-LT.T3_LF; COMMERCEWAY-LT.T1_LB; CONSTANCE-LT.TT_LF; COTEGOLDCTS-LT.LOAD-LF; CROSBY-LT.LFABY; CROWRIVERDS-LT.TT_LF; CRYSTALFALLS-LT.LFEZ; DEEPRIVER-LT.TT_H1; DESJCHMSDS-LT.T1_LF; DOBBIN-LT.LFB; DOBBINDS-LT.T1_LF; DOUGLASPTTS-LT.T34; DRYDEN-LT.T1_LF; DUART-LT.LFBY; DUNNVLE-LT_H1; DYMOND-LT.T34; EARFALLS-LT.LF_T5; EDDYNAIRN-LT.T1_LF; ELLIOTLAKE-LT.T1_LF; ENBRCARDINAL-LT.T1_LF; ENBRHILTON-LT.T1_LF; ENBRYANSTON-LT.T1_LF; ENFIELD-LT.T5_LB; ETONDS-LT.T1_LF; EVERETT-LT.LFBY; FALCONBRNRM-LT.TT; FALCONBRSM-LT.AT1_LF; FAUQUIER-LT.T1_LF; FERGUS-LT.LFBY; FORESTJURA-LT.TT_LF; FORESTLEA-LT.T12; GARDINER-LT.LFBJQY; GECO-LT.T1_LF; GOLDCORP-LT.T1_LF; GRDEAST-LT.T1_LF; GREELYDS-LT.TT_LF; GRNDMOE-LT.T1_LF; HALEYIND-LT.T1_LF; HARROWSMITH-LT.T12; HAVELOCK-LT.LFBY; HERRIDGELAKE-LT.T1_LF; HINCHINBROOK-LT.T1_LF; HOLLAND-LT.T1_LFB; HOYLE-LT.T1_LF; ICESPRINGS-LT.M1_LF; IMPERIALNANT-LT.LFT1; INCO4-LT.T12; INGERSOLL-LT.LFEZ; IROQUODS-LT.T12; IVACO-LT.ALF; IVACO-LT.LFQ; IVACO-LT.LFY; JARVIS-LT.T34; JELLICO-LT.T1_LF; KAPUSKASING-LT.T5_LF; KEEWATIN-LT.LF; KENORAGS-LT.T1_LF; KENORAMS-LT.TT_LF; KEYSER-LT.T2_LF; KIDDCREEK-LT.TT; KIDDCREEKM-LT.TT_LF; KIMBERCLARK-LT.T34_LF; KINGSVILLE-LT.T1_LF; KINROSS-LT.T1_LF; KIRKLANDLAKE-LT.KLG; KIRKLANDLAKE-LT.T34; KLEINBURG-LT.BJQY; LACDESILES-LT.T1_LF; LAFARGE-LT.T1_LFA; LAFORESTRDDS-LT.TT_LF; LAMBTON-LT.LFDJQY; LARCHWOOD-LT.T2_LF; LAUZON-LT.LFBEJQ; LEAMINGTON-LT.LFB; LEAMINGTON-LT_GENSET; LINDSAY-LT.LFBY; LODGEROOM-LT.T12; LONGLAC-LT.LFBY; LONGUEUIL-LT.LFJQ; LONGWOODESN-LT.LFJQ; MACASSA-LT.T12; MACASSAMILL-LT.T1_LF; MAITLAND-LT.TT_LF; MANITOULIN-LT.TT_LF; MANITOUWADS-LT.T1_LF; MANITOUWATS-LT.T1_LF; MANOTICK-LT.T12; MARATHONDS-LT.T2_LF; MARGACH-LT.TT_LF; MARIONVLE-LT.T1_LF; MASSEY-LT.T1_LF; MASTRONCTS-LT.LFB; MATTABI-LT.TT_LF; MATTAWADS-LT.LFB; MAZINAW-LT.LFT1; MEAFORD-LT.T12; MIDHURST-LT.LFBY; MINAKIDS-LT.TT_LF; MINDEN-LT.LF3; MOE-LT.T1_LF; MONTEITH-LT.T1_LF; MOOSONEE-LT.TT_LF; MORRISBURG-LT.T1_LF; MTNCHUTEDS-LT.17T1_LF; MURILLO-LT.T1_LF; MUSKOKA-LT.LFBY; NAPANEE-LT.T12; NAVAN-LT.T12; NESTORFALLS-LT.T1_LF; NEWINGTON-LT.T1_LF; NEXTSTAR-LT.T12; NIPIGON-LT.24T1_LF; NORFOLK-LT.T12; NORTHBROOK-LT.T1_LF; NORTHSHORE-LT.T1_LF; NOVACORUNNA-LT.LFAB; NOVAMOORE-LT.LFAB; NOVASTCLAIR-LT.LFB; NUTRITE-LT.T1_LF; ORANGEVLE-LT.LFBEYZ; ORILLIA-LT.LFBY; ORLEANSTS-LT.T1_LFQ; OTONABEE-LT.LFBJQY; OWENSOUND-LT.LFJQ; OXYVINYLS-LT.T1_LF; PALMERSTON-LT.TT_LF; PARRYSOUND-LT.T12; PEMBROKE-LT_H1; PERAULTFALLS-LT.T1_LF; PETAWACRAIG-LT.TT_LF; PETAWAWA-LT.T12; PICDS-LT.TT_LF; PICTON-LT.T12; PIKANGIKUM-LT.Q_70999-LF; PORTHOPE-LT.T1_LF; PUSLINCH-LT.T12; RAINYRIVGLD-LT.LFAB; RAMORE-LT.T1_LF; REDLAKE-LT.TT21_LF; REDROCKDS-LT.T1_LF; RENISON-LT.T1_LF; RIVERGOLD-LT.T1_LF; ROCKLAND-LT.T1_LF; ROCKLANDEAST-LT.TT12_L; RUSSELLDS-LT.TT12_LF; SAPAWE-LT.T12; SCHREIBER-LT.T1_LF; SEAFORTH-LT.T12; SHABAQUA-LT.T1_LF; SHARBOT-LT.T1_LF; SHELL-LT.LFAB; SHININGTREE-LT.25T1_S_LF; SIDNEY-LT.T1_LF; SIOUXNARROWS-LT.TT_LF; SLATEFALLS-LT.T1_LF; SMITHSFALLS-LT.LFJY; SMOOTHROCK-LT.TT_LF; SOUTHMIDDLRD1-LT.LFJ; SOWERBY-LT.T1_LF; SPANISH-LT.T1_LF; SPRUCEFLSPP-LT.AT789_LF; STELCO-LT.T1_LF; STEWARTVLE-LT.T67; STISIDORE-LT.LFB; STMARY-LT.TT_LF; STRATHCONA-LT.TT_LF; STRIKER-LT.TT_LF; STURGEONFALL-LT.LFB; TCPLVERMIL-LT.LF123; TEMAGAMI-LT.T1_LF; THOROLD-LT.T1_LF; THOROLDAB-LT.LFB; THOROLDACI-LT.T61_LF; TILBURYWEST-LT_H1; TIMMINS-LT.T62_LF; TIMWESTMINE-LT.T1; TOYOTAWDSTCK-LT.LFJQ; VALORA-LT.T1_LF; VERMILLION-LT.T1_LF; VERNER-LT.TT_LF; VICTORIAMINE-LT.TT_LF; VOYAGEUR-LT.T1_LF; WALLACE-LT.LFQY; WALLACEBURG-LT.TT_LF; WANSTEAD-LT.T1_LF; WARREN-LT.TT_LF; WDSTOCKLFRGE-LT.T3_LF; WENDOVER-LT.T12; WEYERHAUS-LT.T1_LF; WHARNCLIFFE-LT.T1_LF; WHITEFISH-LT.T1_LF; WHITERIVER-LT.TT_LF; WILHAVEN-LT.T12; WILIAMS-LT.TT_LF; WINGHAM-LT.LFBY; WINSTON-LT.T1_LF; WOLVERTON-LT.TT_LF; WOODSTOCK-LT_WOOD; YOUNGDAVIDSN-LT.TT26,load:233,0.2768944474248927,1.8259361157915392,0.09996473980686693,0.40028586373390557,1580.9703814353352,True,in_polygon,0.0,rejected,rejected,owner_override=rejected: Residual multi-region territory; excluded from correlation. (rule would be rejected)
ED-2003-0057,Kingston Hydro Corporation,2,ALCOCAN-LT.TT1_LF; FRONTENAC-LT.T1_LF,load:2,0.4120484375,0.0049033435857905585,0.007184375,0.628128125,1.2922536870395394,False,in_polygon,0.0,,approved,"rule: >=1 load node, in_polygon, not heterogeneous, adoption reported"
ED-2003-0079,Fort Albany Power Corporation,1,FORTALBANY-LT.T1_LF,load,-1.539975,,0.1134093749999999,-1.4299875,0.0,False,nearest_within_30km,0.47,,rejected,method=nearest_within_30km; no adoption data
ED-2003-0081,Kashechewan Power Corporation,1,KASHECHEWAN-LT.T2_LF,load:1,-1.446365625,,0.1134093749999999,-1.3363125,0.0,False,in_polygon,0.0,,rejected,no adoption data
ED-2003-0135,Oakville Hydro Electricity Distribution Inc.,4,BRONTE-LT.T7_LF; FORDOAKVLE-LT.LFAB; OAKVLE-LT.LFEZ; PALERMO-LT_BURL,load:4,-0.0881875,0.24796027806626186,-0.029569531249999975,0.16461015625000003,11.77856614673062,False,in_polygon,0.0,approved,approved,owner_override=approved: 4 load nodes; compact territory. (rule would be approved)
ED-2004-0405,Cornwall Street Railway Light and Power Company Limited,1,STLAWRENCE-LT.LFJQ,load:1,-1.239296875,,0.0,-1.0158125,0.0,False,in_polygon,0.0,,rejected,no adoption data
ED-2007-0624,Newmarket-Tay Power Distribution Ltd.,2,ARMITAGE-LT.LFE; WAUBAUSHENE-LT.T56,load:2,0.5306578125,0.8821488551605863,0.1151890624999999,0.6387781250000001,80.21297143650582,False,in_polygon,0.0,approved,approved,"owner_override=approved: 2 load nodes; borderline spread, under thresholds. (rule would be approved)"
ED-2007-0749,Niagara Peninsula Energy Inc.,8,BEAMSVLE-LT_PENWEST; CYANAMIDCAN-LT.T1_LF; KALAR-LT.T1_LF; MURRAY-LT_H1DIST; MURRAY-LT_NFHEC; NIAGARAWEST-LT.LFBY; STANLEY-LT.T1_LF; VINELAND-LT_PENWEST,load:8,-1.207173828125,0.3970721793709626,-0.027978906249999998,-0.955791015625,40.81248891054563,False,in_polygon,0.0,approved,approved,owner_override=approved: Approved only on the load-nodes-only re-run (Beck generation nodes excluded); 8 load nodes. (rule would be approved)
ED-2009-0072,Algoma Power Inc.,5,BATCHAWANA-LT.T1_LF; ECHORIVER-LT.T1_LF; GOULAISBAY-LT.T1_LF; HWY101-LT.LF123; NORTHAVE-LT.T2_LF,load:5,-0.307046875,0.30544310977749506,0.12108375,-0.20463562500000002,162.9108841349759,True,in_polygon,0.0,,rejected,heterogeneous
ED-2016-0360,Alectra Utilities Corporation,66,ARLEN-LT.T1_LF; BARRIE-LT.LFEQ12; BIRMINGHAM-LT.ALIQ_LF1; BIRMINGHAM-LT.ALIQ_LF2; BIRMINGHAM-LT.LFBDKY1234; BRAMALEA-LT.LFBY; BRAMALEA-LT.LFEZ; BRAMALEA-LT.LFJQ; BUNTING-LT.T3_LF; BUTTONVLE-LT.LFQZ; CAMPBELL-LT.G_EASTVIEW; CAMPBELL-LT.LFBEJQYZ; CARDIFF-LT.LFBQ; CARLTON-LT.T1_LF; CEDAR-LT.TT1_LF; CHURCHLLMED-LT.T1_LFB; COOKSVLE-LT.LFEJQZ; DOFASCO-LT.T1_LF; DOFASCO-LT.T5_LF; DOFKENILWRTH-LT.LF78; DUNDAS-LT.T1_LF; DUNDAS-LT.T5_LF; DUNDAS-LT.T6_LF; ELGIN-LT.T1_LF; ERINDALE-LT.LFBEJQYZ; GAGE-LT.TT1_LF; GLENDALE-LT.TT1_LF; GOREWAY-LT.LFBYZ; GOREWAY-LT.LFJ; GOREWAY-LT.LFQ; GTAA-LT.G_M12; GTAA-LT.G_M45; GTAA-LT.G_M46; GTAA-LT.LF_M12; GTAA-LT.M4546; HAMBEACH-LT.G_WOODWARD; HAMBEACH-LT.T3_LF; HAMLAKE-LT.LFBJQY; HAMNEBO-LT.LFBY; HAMNEBO-LT.LFJQ; HANLON-LT.T1_LF; HORNING-LT.LFB1; IBM-LT.LFBY; JIMYARROW-LT.LFA; KENILWORTH-LT.T23; LORNEPARK-LT.LFBJ; MARKHAM1-LT.LFBY; MARKHAM2-LT.LFJQ; MARKHAM3-LT.LFEJYZ; MARKHAM4-LT.LFPR; MCMASTER-LT.LFQ12; MIDHURST-LT_BARRIE; MOHAWK-LT.T1_LF; NEWTON-LT.TT_LF; PLEASANT-LT.LFBEFJQVYZ; RICHMOND1-LT.LFAB; STIRTON-LT.T1_LF; TOMKEN-LT.LFBEYZ; TRADERSBLVD-LT.L1_LF; VANSICKLE-LT.T5_LF; VAUGHAN1-LT.LFABCD; VAUGHAN2-LT.LFAB; VAUGHAN3-LT.LFA; VAUGHAN4-LT.LFA; WINONA-LT.T1_LF; WOODBRIDGE-LT_VAUG,load:66,-0.2457211647727273,0.4387387985478382,-0.019116382575757557,-0.0031921874999999936,142.84538284003654,True,in_polygon,0.0,rejected,rejected,owner_override=rejected: Nodes span Barrie to Hamilton (over 100 km); too heterogeneous. (rule would be rejected)
ED-2018-0233,Synergy North Corporation,4,BIRCH-LT.T2_LF; FORTWILLIAM-LT.T5_LF; PORTARTHUR-LT.T1_LF; TBAYBOWATER-LOADS,load:4,-1.4881742187500002,0.21206738095459532,-0.55614375,-0.7085203125,13.853713262138944,False,in_polygon,0.0,rejected,rejected,owner_override=rejected: Kenora and Thunder Bay nodes about 470 km apart. (rule would be approved)
ED-2019-0128,Elexicon Energy Inc.,11,ATLANTIC-LT.LFBY; BELLEVLE-LT.LFBY; CHERRYWOOD-LT.LFBY; GERDAUCAM-LT.LFA; GERDAUCAM-LT.T3_LF; GERDAUWBY-LT.LFAB; GERDAUWBY-LT.T3_LF; PICKERINGA-LT.UPT1_LF; SEATON-LT.ELEXICON_LF; UNIAVEPG-LT.L1_LF; WHITBY-LT.LFBEJQYZ,load:11,-0.16464971590909092,0.3551658639741837,-0.009573863636363637,0.06822869318181819,144.30277352090528,True,in_polygon,0.0,rejected,rejected,owner_override=rejected: Nodes span Durham to Belleville (over 100 km). (rule would be rejected)
ED-2021-0280,GrandBridge Energy Inc. (Formerly Energy+ Inc.) | GrandBridge Energy Inc. (Formerly Brantford Power Inc.),8,ADAMSBLVD-LT.L1_LF; BRANT-LT.TT13_LF; BRANTFORD-LT.LFYZ; CAMBRIDGE1-LT.LFJZ; GALT-LT.LFJY; POWERLINE-LT.LFB; POWERLINE-LT.LFY; PRESTON-LT.LFJQ,load:8,0.2747765625,0.5864948077924665,-0.05506562499999995,0.55325703125,31.59431753534204,False,in_polygon,0.0,approved,approved,owner_override=approved: 8 load nodes; Cambridge and Brantford about 35 km apart. (rule would be approved)
ED-2022-0006,Enova Power Corp.,13,ELMIRA-LT.T12; KITCHENER3-LT.T6_LF; KITCHENER4-LT.T7_LF; KITCHENER8-LT.T15_LF; KITCHENR1-LT.T12; KITCHENR7-LT.T1_LF; KITCHENR9-LT.LF111; KITCHENR9-LT.LF112; KITCHNRMS-LT.T9_LF; RUSH-LT.T12; SCHEIFELE-LT.LFBEJQZ; WATERLOO3-LT.T1_LF; WILMOT-LT.LF111,load:13,0.11719903846153847,0.3081439609493772,-0.042862740384615315,0.3834555288461538,26.210742288026417,False,in_polygon,0.0,approved,approved,owner_override=approved: 13 load nodes; compact territory. (rule would be approved)
ED-2023-0202,Centre Wellington Hydro Ltd.,1,FERGUS-LT.LFBY,load,-0.0556625,,-0.0268874999999999,0.19468125,0.0,False,nearest_within_30km,1.15,,rejected,method=nearest_within_30km
ED-2023-0262,Lakefront Utilities Inc.,2,TCPP4S-LT.T1_LF; TCPQ6S-LT.TT_LF,load:2,2.178290625,0.9509171993396692,0.0131890625,2.3882453125,0.0630934016810054,False,in_polygon,0.0,,approved,"rule: >=1 load node, in_polygon, not heterogeneous, adoption reported"
