Longitude,Latitude,Location
-94.97445,50.262394,CARIBOUFALLS-LT.AG123
-94.92011,49.72245427,CLEARWATRBAY-LT.T1_LF
-94.72033,49.97314,MINAKIDS-LT.TT_LF
-94.56346,49.77755546,KEEWATIN-LT.LF
-94.50227,49.77326,ABKENORA-LT.AG
-94.38127,49.76929,MARGACH-LT.TT_LF
-94.36403,49.776128,KENORAGS-LT.T1_LF
-94.36374,49.77613139,WEYERHAEUSER-LT.T1_LF_DRA
-94.36319198,49.77569136,KENORAMS-LT.TT_LF
-94.36127,49.77804,WEYERHAUS-LT.T1_LF
-94.11688,49.40581,SIOUXNARROWS-LT.TT_LF
-93.9987692,48.84921645,RAINYRIVGLD-LT.LFAB
-93.99846342,48.84921468,RAINYRIVGLD-LT.LF_DRA
-93.97321,48.64258677,VOYAGEUR-LT.T1_LF
-93.97126,48.65097813,BARWICK-LT.LFBY
-93.97103,48.65105,WILIAMS-LT.TT_LF
-93.89592,49.06434,NESTORFALLS-LT.T1_LF
-93.83803,51.01268074,KINROSS-LT.T1_LF
-93.83574,51.77114964,PIKANGIKUM-LT.Q_70999-LF
-93.74262,51.06168251,BALMERCTS-115.T1_LFA
-93.72234,51.04389856,REDLAKE-LT.TT21_LF
-93.63603,49.828977,TCPLVERMIL-LT.LF123
-93.45592,50.583671,MANITOUFALLS-LT.AG12345
-93.40222,48.60866964,FORTFRANCSWC-LT.AG12
-93.40146,48.61912337,FFMS-LT.T1_LF
-93.39207,49.86388613,VERMILLION-LT.T1_LF
-93.25448,48.68480999,BURLEIGH-LT.T1_LF
-93.22261921,50.63002421,EARFALLS-LT.AG1234
-93.22173676,50.62968733,EARFALLS-LT.LF_T5
-93.08435,50.39344,PERAULTFALLS-LT.T1_LF
-93.05882,51.776229,WHITEDOG-LT.AG123
-92.98031,49.81974304,ETONDS-LT.T1_LF
-92.84972,49.81624636,DRYDEN-LT.T1_LF
-92.84913213,49.81674496,DRYDENWYRHSR-LT.AG12
-92.28463863,48.74415783,STURGEONFALL-LT.LFB
-92.28438543,48.74436044,STURGEONFALL-LT.G2
-92.15384,48.79380746,CALMLAKE-LT.G1
-92.02418,50.08795765,SAMLAKE-LT.T1_LF
-91.82484,51.72141868,CATLAKE-LT.T1_LF
-91.70499,48.79223167,VALRIEFALLS-LT.G1
-91.70491952,48.79214884,VALRIEFALLS-LT.G2
-91.6281,49.43559692,AGIMAKDS-LT.TT_LF
-91.6225,51.16253854,SLATEFALLS-LT.T1_LF
-91.60203,48.82751,MOOSELAKE-LT.T23_LF
-91.59863,48.74869542,MACKENZIE-LT.T1_LF
-91.57044,48.83784195,ATIKOKAN-LT.G1
-91.32328,48.7494,SAPAWE-LT.T12
-91.30698,52.9599008,NCARIBOULK-115.AG_LF
-91.30691,52.96001,NCARIBOULK-LT.D1_LF
-91.1791,49.775444,VALORA-LT.T1_LF
-90.97996,49.879135,MATTABI-LT.TT_LF
-90.36648,52.61176676,GRUBSTAKE-LT.T1_LF
-90.36639262,52.6118538,GRUBSTAKE-LT.T1_LF_DRA
-90.15455,51.48150193,CROWRIVERDS-LT.TT_LF
-89.91209,53.02044744,KINGFISHER-LT.J_66999-LF
-89.90118,48.59551,SHABAQUA-LT.T1_LF
-89.61638,48.39739904,KAKABEKA-LT.AG1234
-89.60786,49.16257494,LACDESILES-LT.T1_LF
-89.59691,48.66080155,SILVERFALLS-LT.G1
-89.47161,48.405373,MURILLO-LT.T1_LF
-89.27572,48.41299022,BIRCH-LT.T2_LF
-89.26049,48.37425614,FORTWILLIAM-LT.T5_LF
-89.22354148,48.35986009,TBAYBOWATER-LT.AT2_LF_DRA
-89.22336104,48.36014483,TBAYBOWATER-LT.AG36
-89.22301821,48.36044456,TBAYBOWATER-LOADS
-89.15254,48.47626571,PORTARTHUR-LT.T1_LF
-89.09151223,48.49651922,LAKEHEAD-LT.VOLTUS_DRA
-89.09145154,48.4952473,LAKEHEAD-LT.NRGCS_DRA
-88.7666355,48.76044654,GREENWICH-LT.AG_T1
-88.766606,48.76018132,GREENWICH-LT.AG_T2
-88.36038126,49.13711539,ALEXANDER-LT.AG_T4
-88.3603136,49.13693241,ALEXANDER-LT.AG_T3
-88.36002941,49.13660186,ALEXANDER-LT.AG_T1
-88.35736,49.13476353,ALEXANDER-LT.AG_T2
-88.34618,49.15397766,CAMERONFALLS-LT.AG17
-88.34590642,49.15361454,CAMERONFALLS-LT.AG234
-88.34553627,49.15344438,CAMERONFALLS-LT.AG56
-88.31182683,49.30727227,PINEPORTAGE-LT.AG34
-88.31140768,49.30745652,PINEPORTAGE-LT.AG12
-88.10019653,49.29378418,NIPIGONGS-LT.G1
-88.09965,49.29442387,NIPIGONGS-LT.G2
-88.09955927,49.29480093,NIPIGON-LT.24T1_LF
-88.00487,49.68249,NAMEWAMNKN-LT.AG_T1
-87.94782,49.61488551,BEARDMORE-LT.T12
-87.59899,49.67772503,JELLICO-LT.T1_LF
-87.3766,48.97808,WINSTON-LT.T1_LF
-87.26768,48.79936,SCHREIBER-LT.T1_LF
-87.1606,48.78705631,AGUASABON-LT.AG12
-87.1079,48.79769,KIMBERCLARK-LT.T34_LF
-87.10766432,48.79738802,KIMBERCLARK-LT.TT_LF_DRA
-86.58135,49.78241299,LONGLAC-LT.LFBY
-86.35562,48.73925,PICDS-LT.TT_LF
-86.35522,48.7407029,MARATHONDS-LT.T2_LF
-86.233,48.660322,WAWATAY-LT.G3
-86.23298323,48.66087061,WAWATAY-LT.G2
-86.23291305,48.66076738,WAWATAY-LT.G1
-86.14699,48.53398968,UMBATAFALLS-LT.AG_MPT1
-85.8516865,49.12675614,MANITOUWATS-LT.T1_LF
-85.85160494,49.12751818,MANITOUWATS-TWIN-LT.AG12
-85.85136976,49.12707759,MANITOUWADS-LT.T1_LF
-85.79024,49.15578597,GECO-LT.T1_LF
-85.76478,48.640588,UPPERWHITE-LT.AG_T1
-85.73905,48.656245,LOWERWHITE-LT.AG_T1
-85.44537,47.9822497,RIVERGOLD-LT.T1_LF
-85.2954,48.59831,WHITERIVER-LT.TT_LF
-84.83768,47.93910609,MISSIONFLS-LT.G1
-84.83763,47.938693,HOLINGSWTH-LT.G1
-84.83224954,47.95303944,DAWATSON-LT.AG456
-84.83197,47.95283705,DAWATSON-LT.AG123
-84.83079,47.95889742,HARRIS-LT.G1
-84.74034,48.07813838,STEEPHILLF-LT.G1
-84.64402461,47.23810284,ANDREWS-LT.AG12
-84.64388513,47.23833776,ANDREWS-LT.G3
-84.6174,47.2141143,HOGGCGS-LT.G1
-84.58311,47.24000391,GARTSHORECGS-LT.G1
-84.54427,47.88508053,WAWA-230:LMP
-84.54419104,47.24240988,BOWLAKEWF-LT.AG_3
-84.54406418,47.24204431,BOWLAKEWF-LT.AG_2
-84.54402091,47.88422909,WAWA-115:LMP
-84.5437326,47.24205273,BOWLAKEWF-LT.AG_1
-84.53068,47.94392686,HWY101-LT.LF123
-84.50183094,49.80992187,NAGAGAMI-LT.G2
-84.50170149,49.80981409,NAGAGAMI-LT.G1
-84.43947377,46.62705476,PRINCEFARM-LT.AG_T1
-84.4394339,46.62722014,PRINCEFARM2-LT.AG_T2
-84.4314885,47.26688988,MACKAYCGS-LT.G3
-84.4314847,47.26802501,MACKAYCGS-LT.AG12
-84.41686,46.5179,FLAKEBOARD-LT.T1_LF
-84.41273747,46.51895827,FLAKEBOARD-LT.TT_LF_DRA
-84.36801924,46.51608618,LAKESUPERIOR-LT.GTG1
-84.36797257,46.51601264,LAKESUPERIOR-LT.GTG2
-84.36780849,46.51586554,LAKESUPERIOR-LT.STG1
-84.36731,46.66916406,GOULAISWF-LT.AG_T1
-84.36219,46.89248306,BATCHAWANA-LT.T1_LF
-84.35994,46.75078592,GOULAISBAY-LT.T1_LF
-84.35422,46.52985641,ASITUBE-LT.T1_LF
-84.35414695,46.52968548,PATRICKSTEEL-LT.T6_LF
-84.35412942,46.52934025,PATRICKSTEEL-LT.314T_LF
-84.35409655,46.52996287,PATRICKSTEEL-LT.T6_LF_DRA
-84.35406149,46.52910055,PATRICKSTEEL-LT.10T1_LF
-84.34788896,46.51549815,CLERGUE-LT.G3
-84.34776189,46.51548118,CLERGUE-LT.G2
-84.34762154,46.51547466,CLERGUE-LT.G1
-84.32869,46.5345881,NORTHAVE-LT.T2_LF
-84.32767,46.55506867,NORTHBAY-LT.TT_LF
-84.32766,46.55517008,STMARYS-LT.TT_LF
-84.32631,46.538894,SAULTRSVC-LT.BATT_LF
-84.32028,46.516206,SAULTRSVC-LT.BATT_TG
-84.07421,49.74557245,CALSTOCKDS-LT.T1A_LF
-84.07339,49.74398,CALSTOCKGS-LT.G1
-83.99575,46.52072417,ECHORIVER-LT.T1_LF
-83.64951,49.70101188,HEARST-LT_H1
-83.41306803,47.84358036,CHAPLEAU-LT.TT_LF
-83.41268,47.84337065,CHAPLEAU-LT.T2_LF
-83.38546256,46.4316038,WELLS-LT.G2
-83.38525281,46.43158515,WELLS-LT.G1
-83.3842,46.434,RAYNER-LT.AG12
-83.38009,46.42241197,WHARNCLIFFE-LT.T1_LF
-83.37969,46.4282026,MISSISSAGI-230:LMP
-83.31667,46.29477712,SOWERBY-LT.T1_LF
-83.2901317,46.3148845,REDROCK-LT.AG12
-83.29008745,46.31493545,REDROCKDS-LT.T1_LF
-83.21367759,46.9094789,AUBREYFALLS-LT.G2
-83.21276,46.9093135,AUBREYFALLS-LT.G1
-83.09495555,42.27937061,BRIGHTONCGS-LT.G1A
-83.09468,42.27981864,BRIGHTONCGS-LT.AG1-1B
-83.09143,42.281168,KEITH-LT.LFBY
-83.08729252,42.27993034,WESTWINDSOR-LT.AG12
-83.08728,42.280449,WESTWINDSOR-LT.G3
-83.08723351,42.28005659,WESTONLAKE-LT.T1_LF
-83.05716,42.25519,MALDEN-LT_ENWIN
-83.0448,42.30824,CRAWFORD-LT.LFEY
-83.00027511,42.32613795,EASTWCGS-LT.G3
-82.99988126,42.32627646,EASTWCGS-LT.G2
-82.99971521,42.32633233,EASTWCGS-LT.G1
-82.99962,42.32485,FORDANEX-LT.T1_LF
-82.99955632,42.3249999,FORDCTS-LT.T1_LF
-82.99665,42.311329,GMCTS-LT.T1_LF
-82.98462,42.29121,CHRYSLER-LT.T1_LF
-82.98405082,42.28933994,WALKER-LT.LFEQ
-82.98361,42.28955666,WALKER-LT.LFBY
-82.9806,42.28789,TAWINDSOR-LT.AG12
-82.96566624,42.28870602,WALKERBESS4-LT.BATT_TG
-82.96557166,42.28856745,WALKERBESS5-LT.BATT_TG
-82.96551856,42.28839909,WALKERBESS6-LT.BATT_TG
-82.96541106,42.28881457,WALKERBESS4-LT.BATT_LF
-82.96538011,42.28870916,WALKERBESS5-LT.BATT_LF
-82.9652132,42.28850151,WALKERBESS6-LT.BATT_LF
-82.94344,42.270564,WINDSORSF-LT.AG_T1
-82.9381,42.29257,ESSEX-LT.LFB1
-82.93244,42.29513,FORDEEP-LT.LFAB
-82.91804427,42.28628389,LAUZON-LT.LFBEJQ
-82.91712,42.286895,LAUZON-LT.AG_EBUS
-82.91628159,42.28751387,LAUZON-LT.AG_JBUS
-82.90746,42.29166,NEXTSTAR-LT.T12
-82.89092,46.21145687,NORTHSHORE-LT.T1_LF
-82.73418,42.052643,KINGSVILLE-LT.T1_LF
-82.73303,42.28425663,BELLERIVERTS-LT.LFBQ
-82.7225,46.19713693,ALGOMAEAF-LT.EAF1
-82.71805,46.20020043,STRIKER-LT.TT_LF
-82.71279,42.2848712,BELLERVRWF-LT.AG_T1
-82.71246,42.27036,PAROCHES-LT.AG_T1
-82.7014,46.19969624,CARMEUSELIME-LT.T1_LF
-82.65487,46.39811024,ELLIOTLAKE-LT.T1_LF
-82.64673,42.07393,MASTRONCTS-LT.LFB
-82.64335,42.060914,GOSFIELD-LT.AG_T1
-82.61065,42.201053,SOUTHMIDDLRD1-LT.LFJ
-82.60305622,42.09887804,LEAMINGTON-LT_GENSET
-82.60304549,42.09817949,LEAMINGTON-LT.LFB
-82.56231961,42.21942381,COMBER-LT.AG_T1
-82.56190235,42.21940209,COMBER-LT.AG_T2
-82.46726921,42.79754235,LAMBTON-LT.LFDJQY
-82.46721,42.797195,LAMBTON-230:LMP
-82.46558,42.205941,ROMNEYWF-LT.AG_T1
-82.45308,42.76898555,GREENFIELD-LT.G1
-82.45302729,42.76992183,GREENFIELD-LT.G2
-82.45286941,42.77053775,GREENFIELD-LT.G4
-82.45263484,42.77024635,GREENFIELD-LT.G3
-82.44338,52.92000969,ATTAWAPISKAT-LT.T3_LF
-82.44084,46.218974,SERPENT-LT.G1
-82.44072109,46.21920809,SERPENT-LT.G2
-82.43996,42.897035,DOWCHEMICAL-LT.AG1245
-82.43968416,42.27947359,TILBURYBESS-LT.BATT_LF2
-82.43936,42.502081,EASTLAKESCWF-LT.AG_T1
-82.43934083,42.28034676,TILBURYBESS-LT.BATT_TG2
-82.43769396,42.280315,TILBURYBESS-LT.BATT_TG1
-82.43769358,42.93412942,TASARNIA-LT.G861
-82.43767252,42.27994588,TILBURYBESS-LT.BATT_LF1
-82.43751765,42.93433419,TASARNIA-LT.G871
-82.43738458,42.93454555,TASARNIA-LT.G881
-82.43722218,42.93470077,TASARNIA-LT.G891
-82.43638,49.391497,KAPGS-LT.AG12
-82.43601,42.276914,TILBURYWEST-LT_H1
-82.43385,49.41040989,KAPUSKASING-LT.T5_LF
-82.43281,42.92947849,SUNOCO-LT.T1_LF
-82.43234,42.93065595,SUNCANADIAN-LT.T1_LF
-82.43042,42.90496,SHELL-LT.LFAB
-82.42997,42.90061247,NOVASTCLAIR-LT.LFB
-82.42953,49.4129882,SPRUCEFALLS-LT.T1_LF
-82.42764,42.785348,GSPC-LT.G1
-82.42748317,42.78477128,GSPC-LT.G2
-82.42718055,42.7841586,GSPC-LT.G3
-82.42566,49.40752913,SPRUCEFLSPP-LT.AT789_LF
-82.42521,42.85113076,NOVAMOORE-LT.LFAB
-82.41655,42.94774624,BAYER-LT.LFBY
-82.41175,42.875903,NOVACORUNNA-LT.LFAB
-82.4078,42.94547,IMPERIAL-LT.T1_LF
-82.40639,42.95643402,STANDREW-LT.TT_LF
-82.39846368,42.89792686,STCLAIRCGS-LT.AG_T4
-82.39803914,42.89794276,STCLAIRCGS-LT.AG_T3
-82.35778,42.97758,MODELAND-LT.LFJQ
-82.34831,42.57863,WALLACEBURG-LT.TT_LF
-82.30307,42.507332,NKENT1WF-LT.AG_T1
-82.29368,46.21316053,SPANISH-LT.T1_LF
-82.28549667,42.1841244,PORTALMA2-LT.AG_T3
-82.28534516,42.18395304,PORTALMA-LT.AG_T1
-82.23155,43.00703154,CEDARPOINT-LT.AG_T1
-82.21002054,50.14550643,KIPLING-LT.G3
-82.20960068,50.14509687,KIPLING-LT.AG12_B
-82.20858558,50.11137698,HARMON-LT.G3
-82.20761704,50.111384,HARMON-LT.AG12_B
-82.18318,42.350444,DILLON-LT.AG_T1
-82.18054,46.2295162,AUXSAUBLE-LT.G1
-82.16664204,50.00438668,LITTLELONG-LT.G3
-82.16518246,50.00431896,LITTLELONG-LT.AG12_B
-82.16174,42.40269,KENT-LT.LFBEYZ
-82.15937117,50.0613797,SMOKYFALLS-LT.G3
-82.1587415,50.06157451,SMOKYFALLS-LT.AG12
-82.10713,46.20699135,MASSEY-LT.T1_LF
-82.09726812,42.38790573,CHATHAM-LT.DRCTENGY_DRA
-82.09705,48.19575047,BATLEMTNGOLD-LT.T1_LF
-82.09670486,42.38869419,CHATHAM-LT.ENERNOC_DRA
-82.09642322,42.38845052,CHATHAM-LT.ENERCORP_DRA
-82.0961711,42.38808798,CHATHAM-LT.EEC_DRA
-82.09561182,42.39001234,CHATHAM-LT.EDGECOM_DRA
-82.09561052,42.38925878,CHATHAM-LT.NRGCS_DRA
-82.09533157,42.38901116,CHATHAM-LT.GCPROJECT_DRA
-82.09517868,42.38870013,CHATHAM-LT.ENPOWINC_DRA
-82.09492655,42.38954009,CHATHAM-LT.RODANCI_DRA
-82.09478708,42.38926077,CHATHAM-LT.RODANBTM_DRA
-82.09443303,42.38906464,CHATHAM-LT.NRSTORCI_DRA
-82.09313703,42.38784433,CHATHAM-LT.VOLTUS_DRA
-82.06415,42.255806,ERIEAU-LT.AG_T1
-82.05611,42.92614,WANSTEAD-LT.T1_LF
-82.03078362,49.1457564,CARMICHAEL-LT.G1
-82.02954,49.145688,CARMICHAEL-LT.G2
-81.98855,49.30280789,FAUQUIER-LT.T1_LF
-81.9709,43.08986,FORESTJURA-LT.TT_LF
-81.94935,42.464778,RAILBEDWF-LT.AG_SR
-81.94707,47.561395,COTEGOLDCTS-LT.LOAD-LF
-81.94590628,47.56275225,COTEGOLDCTS-LT.LOAD-LF_DRA
-81.93597,45.96057474,MCLEANSMTNWF-LT.AG_T1
-81.92121,42.412452,SPENCECGS-LT.AG_T1
-81.91166,45.98583752,MANITOULIN-LT.TT_LF
-81.88826,43.13949398,JERICHO-LT.AG_T1
-81.79611,42.542,DUART-LT.LFBY
-81.77759,46.27465825,ESPANOLA-LT.TT_LF
-81.76907,46.27012624,DOMTRESPNOLA-LT.AT123_LF
-81.7434,43.03942,KEYSER-LT.T2_LF
-81.74001,43.33408339,GRNDMOE-LT.T1_LF
-81.71175,42.99774598,LANDONWF-LT.AG_T1
-81.70719,43.319203,MOE-LT.T1_LF
-81.7071,43.31927,GRDEAST-LT.T1_LF
-81.69562,43.37711822,GRANDSF-LT.AG_T2
-81.69197298,43.73066365,GODERICH-LT.STRG_TG
-81.69171661,43.73051481,GODERICH-LT.STRG_LF
-81.69127397,43.73047523,GODERICH-LT.LFQZ
-81.67966,43.433628,BLAKEWF-LT.AG_T1
-81.67139,52.21167,FORTALBANY-LT.T1_LF
-81.66749,44.107024,RIPLEYSOUTH-LT.AG_T3
-81.66698,43.083405,BORNISH-LT.AG_T1
-81.65981913,43.85129765,KINGSBRIDGE-LT.AG_T2
-81.6596835,43.8512223,KINGSBRIDGE-LT.AG_T1
-81.65719,43.394219,ZURICH-LT.AG_T1
-81.64171,52.29476233,KASHECHEWAN-LT.T2_LF
-81.63931712,50.18256751,OTTERRAPIDS-LT.AG_230_A
-81.63817672,50.18291477,OTTERRAPIDS-LT.AG_115_A
-81.63776,49.285606,SMOOTHRKFCGS-LT.AG12
-81.63773334,49.28642317,SMOOTHROCK-LT.TT_LF
-81.633261,42.960317,ADELAIDE-LT.AG_T1
-81.62525194,43.89716491,K2WIND5-LT.AG_T10
-81.6224839,43.89612121,K2WIND2-LT.AG_T20
-81.61556,49.122686,YELLOWFALLS-LT.AG_T1
-81.61403,42.95521,STRATHROY-LT.TT_LF
-81.60275,44.31905,BRUCE-LT.ENERCORP_DRA
-81.6015819,44.31654661,BRUCEB-LT.SG8
-81.60115812,44.31706477,BRUCEB-LT.SG6
-81.60066459,44.31595553,BRUCEB-LT.SG7
-81.60043928,44.3181049,BRUCEB-LT.G8
-81.60026226,44.31729506,BRUCEB-LT.SG5
-81.59982774,44.31835054,BRUCEB-LT.G7
-81.59957025,44.31888403,BRUCEB-LT.G6
-81.5987,44.32776202,DOUGLASPTTS-LT.T34
-81.59866671,44.32774018,BRUCEHWB-LT.T7_LF
-81.59860465,44.31914501,BRUCEB-LT.G5
-81.59844,46.34014088,EDDYNAIRN-LT.T1_LF
-81.58645,42.85536,LONGWOODESN-LT.LFJQ
-81.57991961,44.33229324,BRUCE-LT.G1
-81.57946029,44.3324347,BRUCE-LT.G2
-81.57831838,44.33264004,BRUCE-LT.G3
-81.57779527,44.33263548,BRUCE-LT.G4
-81.57597714,44.33315567,BRUCE-LT.SG1
-81.57563903,44.33397246,BRUCE-LT.SG2
-81.57515419,44.33436489,BRUCE-LT.SG3
-81.5749,43.42622,GOSHEN-LT.AG_T1
-81.57477846,44.33893607,BRUCE-LT.VOLTUS_DRA
-81.57440142,44.33477099,BRUCE-LT.SG4
-81.56703724,49.88171801,CANYON-LT.G3_A
-81.56645534,49.8818895,CANYON-LT.G2_A
-81.56591,49.88208305,CANYON-LT.AG145_A
-81.55388,48.38339082,TIMWESTMINE-LT.T1
-81.51039,49.964558,SUTHERLAND-LT.AG12
-81.50548,43.63122,CONSTANCE-LT.TT_LF
-81.49639,44.29071642,ARMOW-LT.AG_T1T2
-81.48808,48.81338173,LOWERSTGN-LT.AG_F1
-81.47939,48.3473388,WAWAITIN-LT.AG_M8
-81.46696,43.273872,CENTRALIA-LT.TT_LF
-81.46424797,44.30778151,UNDERWOODWGS-LT.AG_T2
-81.46396597,44.30764624,UNDERWOODWGS-LT.AG_T1
-81.44455,48.51121019,SANDYFALLS-LT.G1
-81.44313,50.5986488,ONAKAWANA-LT.T1_LF
-81.40332,47.48666285,SHININGTREE-LT.25T1_S_LF
-81.38233,46.41111076,VICTORIAMINE-LT.TT_LF
-81.37288,43.540233,SEAFORTH-LT.T12
-81.37226926,48.68212609,KIDDCREEKM-LT.TT_LF
-81.37185,48.6820694,KIDDCREEK-LT.TT
-81.35741,46.37475561,WHITEFISH-LT.T1_LF
-81.34279,46.6724374,STRATHCONA-LT.TT_LF
-81.32251,48.46560182,TIMMINS-LT.T62_LF
-81.29749,48.52588775,LAFORESTRDDS-LT.TT_LF
-81.2865,49.1402101,LONGLAKESF-LT.AG_T1
-81.28604,42.939205,WONDERLAND-LT.LFBY
-81.26587,46.56528734,LARCHWOOD-LT.T2_LF
-81.25738,42.992816,TALBOT-LT.LFBJQY
-81.23836,42.982958,NELSONCHP2-LT.TG
-81.23051,42.977364,NELSON-LT.TT_LF
-81.22149,43.889537,WINGHAM-LT.LFBY
-81.21175,43.14492973,ENBRYANSTON-LT.T1_LF
-81.20933715,43.01063451,JPII1-LT.BATT_TG
-81.2091601,43.01065952,JPII1-LT.BATT_LF
-81.19314,42.97391,HIGHBURY-LT.TT_LF
-81.19127,42.94004312,BUCHANAN-230:LMP
-81.1901,43.03029,CLARKE-LT.LFBY
-81.18807,42.93847869,BUCHANANDESN-LT.LFBY
-81.18308,46.4738902,INCO4-LT.T12
-81.16737,48.52027652,BELLCREEK-LT.TT_LF
-81.15221,42.797203,EDGEWARE-LT.BY
-81.12333,43.261919,STMARYCMNT-LT.T1_LF
-81.10788,43.241695,STMARY-LT.TT_LF
-81.09055,48.54724047,HOYLE-LT.T1_LF
-81.08585,48.53720918,GOLDCORP-LT.T1_LF
-81.0432,46.50558984,CLARABELLE-LT_H1
-81.03302,44.167491,HANOVER-LT.T12
-81.02098,49.213415,LONGSAULTE-LT.G2
-81.02058311,49.21345406,LONGSAULTE-LT.G4
-81.02038985,49.21348653,LONGSAULTE-LT.G3
-81.02017451,49.21379672,LONGSAULTE-LT.G1
-81.01473,43.349701,FESTIVALMTS1-LT.LJ
-81.00604361,49.06154353,COCHRANEMS-LT.TT_LF
-81.00586,49.061934,COCHRANECGS-LT.G2
-81.00526535,49.06142517,COCHRANEWEST-LT.T1_LF
-80.9956,49.1293351,EMPIRESF-LT.AG_T1
-80.98764,46.53735294,FROOD-LT.T12
-80.98643,49.14463,ABITIBISF-LT.AG_T1
-80.98558,42.78465849,AYLMER-LT.TT_LF
-80.98539,49.14025373,MARTINSMEDSF-LT.AG_T1
-80.97537,42.69674913,SILVERCRKSF-LT.AG_T1
-80.95524,43.375877,STRATFORD-LT.LFBY
-80.92166,44.561544,OWENSOUND-LT.LFJQ
-80.91857,46.53654217,MARTINDALE-LT.LFJ
-80.91794869,46.62397974,HANMER-LT.DEMAND_DRA
-80.91752758,46.62394474,HANMER-LT.EDGECOM_DRA
-80.91736397,46.62398342,HANMER-LT.ENERCORP_DRA
-80.91722,46.62479594,HANMER-500:LMP
-80.91718694,46.62399816,HANMER-LT.ENERNOC_DRA
-80.9170126,46.62396132,HANMER-LT.ENPOWINC_DRA
-80.91687931,46.62499459,HANMER-LT.RODANCI_DRA
-80.91603091,46.62400553,HANMER-LT.MCEWEN_DRA
-80.91528607,46.6270245,HANMER-LT.VOLTUS_DRA
-80.91513319,46.62493011,HANMER-LT.PLACERDOMECA_DRA
-80.91493121,46.62385263,HANMER-LT.NRGCS_DRA
-80.91404689,46.62489696,HANMER-LT.NRGPEAKS_DRA
-80.90377,46.51982632,NEELONSTEEL-LT.TT_LF
-80.89366251,48.87037423,TUNISGS-LT.G2
-80.89283,48.870601,TUNISGS-LT.G1
-80.88591826,43.09563251,WDSTOCKLFRGE-LT.TT1_LF_DRA
-80.88587,43.095482,WDSTOCKLFRGE-LT.T3_LF
-80.88275,43.067432,INGERSOLL-LT.LFEZ
-80.84596242,43.08614197,INGERSOLLCGS-LT.G3
-80.82687,43.836229,PALMERSTON-LT.TT_LF
-80.8026131,46.58164657,FALCONBRNRM-LT.TT
-80.80255569,46.58189211,FALCONBRSM-LT.AT1_LF
-80.75473,44.090802,SOUTHGATESF-LT.AG_T1
-80.75443,42.63829856,PTBURWELL-LT.AG1
-80.7502,48.55189067,BARRICK-LT.T1_LF
-80.74977,43.121921,WOODSTOCK-LT_WOOD
-80.72437,42.872138,TILLSONBURG-LT.TT_LF
-80.71078,51.21031049,RENISON-LT.T1_LF
-80.70933,51.20978681,MOOSONEE-LT.TT_LF
-80.69882,43.125101,COMMERCEWAY-LT.T1_LB
-80.68803,43.141079,TOYOTAWDSTCK-LT.LFJQ
-80.67938238,47.94435517,YOUNGDAVIDSN-LT.TT26
-80.67906754,47.94415952,YOUNGDAVIDSN-LT.TT_LF_DRA
-80.66791,48.76915915,NPIROQFALLS-LT.AG123
-80.66681,48.77005384,IROQUODS-LT.T12
-80.66168,48.64063206,MONTEITH-LT.T1_LF
-80.65335531,43.39254716,KITCHENR9-LT.LF111
-80.65318546,43.39265836,KITCHENR9-LT.LF112
-80.65313,43.392668,WILMOT-LT.LF111
-80.64612468,45.8600602,HENVEYNORTH-LT.AG_T1N
-80.64564484,45.8598355,HENVEYSOUTH-LT.AG_T1S
-80.56667,43.470795,WATERLOO3-LT.T1_LF
-80.56279,44.490979,MEAFORD-LT.T12
-80.55945,43.459317,RUSH-LT.T12
-80.55550788,43.61545815,ELMIRA-LT.T12
-80.54765323,43.60388777,ELMIRA-LT.BATT_LF
-80.54757233,43.60389548,ELMIRA-LT.BATT_TG
-80.53476,43.49724,SCHEIFELE-LT.LFBEJQZ
-80.52224,43.27997,WOLVERTON-LT.TT_LF
-80.51226,43.41518924,KITCHENER4-LT.T7_LF
-80.50597,43.443209,KITCHENR1-LT.T12
-80.47613,43.387086,KITCHENER8-LT.T15_LF
-80.45617,43.412041,KITCHENER3-LT.T6_LF
-80.45559,43.445532,KITCHNRMS-LT.T9_LF
-80.43515,43.423318,KITCHENR7-LT.T1_LF
-80.35849,43.92525192,GRANDVALLEY3-LT.AG_T1
-80.3388,43.70569,FERGUS-LT.LFBY
-80.33545,43.177534,BRANT-LT.TT13_LF
-80.3329687,43.17823783,POWERLINE-LT.LFY
-80.332675,43.17831215,POWERLINE-LT.LFB
-80.33245,43.412222,PRESTON-LT.LFJQ
-80.32562,48.4393042,RAMORE-LT.T1_LF
-80.31771,42.883124,BLOOMSBURG-LT_LF
-80.3168,43.3992,CAMBRIDGE1-LT.LFJZ
-80.31394,42.870916,NORFOLK-LT.T12
-80.31155,46.44997873,WARREN-LT.TT_LF
-80.29917,43.377019,GALT-LT.LFJY
-80.28348993,43.55340219,CAMPBELL-LT.LFBEJQYZ
-80.28276367,43.55383536,CAMPBELL-LT.G_EASTVIEW
-80.25062,43.53052,CEDAR-LT.TT1_LF
-80.24219,43.136131,BRANTFORD-LT.LFYZ
-80.22992897,44.21651316,AMARANTH-LT.FA11
-80.22969311,44.21636261,AMARANTH-LT.AG_T2
-80.22941303,44.21637185,AMARANTH-LT.AG_T1
-80.22435,43.16195769,ADAMSBLVD-LT.L1_LF
-80.20562,43.48716451,ARLEN-LT.T1_LF
-80.2051,43.48633864,ARLENBESS-LT.BATT_TG1
-80.20506,43.48611313,ARLENBESS-LT.BATT_TG2
-80.2046,43.48641278,ARLENBESS-LT.BATT_LF1
-80.20459,43.48639579,ARLENBESS-LT.BATT_LF2
-80.1879,44.072343,ICESPRINGS-LT.M1_LF
-80.18312,42.78627,SANDUSK-LT.AG_T1
-80.16792,43.457497,PUSLINCH-LT.T12
-80.16163,43.912576,SHANNON-LT.AG_T1
-80.15975,43.915413,ORANGEVLE-LT.LFBEYZ
-80.12624351,42.92567275,HAGERSVILLE-LT.BATT_LF2
-80.1252511,42.92575202,HAGERSVILLE-LT.BATT_LF1
-80.12452936,42.92559347,HAGERSVILLE-LT.BATT_LF3
-80.12399,46.40020203,VERNER-LT.TT_LF
-80.12312351,42.9248049,HAGERSVILLE-LT.BATT_TG1
-80.1230342,42.92700037,HAGERSVILLE-LT.BATT_LF4
-80.12297678,42.92631371,HAGERSVILLE-LT.BATT_TG2
-80.12293213,42.9267855,HAGERSVILLE-LT.BATT_TG3
-80.12243453,42.9276263,HAGERSVILLE-LT.BATT_TG4
-80.11049,44.41606337,STAYNER-LT.T4_LFY
-80.09766,42.809058,STELCO-LT.T1_LF
-80.09764572,42.80862088,STELCO-LT.T1_LF_DRA
-80.08373,42.901253,SUMMERHAVEN-LT.AG_T1
-80.07285,48.1393485,MACASSAMILL-LT.T1_LF
-80.06854,48.13375381,MACASSA-LT.T12
-80.06083908,42.826986,ONEIDA-LT.BATT_TG1
-80.0607382,42.82676533,ONEIDA-LT.BATT_LF1
-80.06057,42.827263,JARVIS-LT.T34
-80.06055733,42.82699875,ONEIDA-LT.BATT_TG2
-80.06047385,42.82681252,ONEIDA-LT.BATT_LF2
-80.05209,42.7972988,NANTSOLAR-LT.AG12
-80.04475,42.83017,IMPERIALNANT-LT.LFT1
-80.04212752,48.13517155,NPKIRKLAND-LT.G6
-80.04137561,48.1352798,NPKIRKLAND-LT.AG45
-80.04128774,48.13542414,NPKIRKLAND-LT.AG123
-80.03689438,43.12313879,MIDDLEPORT-LT.AESLNR1_DRA
-80.03674318,43.12313559,MIDDLEPORT-LT.DRCTENGY_DRA
-80.03652186,43.12314039,MIDDLEPORT-LT.EDGECOM_DRA
-80.03637067,43.12315958,MIDDLEPORT-LT.ENERCORP_DRA
-80.03622385,43.12316278,MIDDLEPORT-LT.ENERNOC_DRA
-80.03606389,43.12315318,MIDDLEPORT-LT.ENPOWINC_DRA
-80.03383484,43.12311307,MIDDLEPORT-LT.GCPROJECT_DRA
-80.0334711,43.12299471,MIDDLEPORT-LT.HCE_DRA
-80.03153801,43.12302825,MIDDLEPORT-LT.HHSC_DRA
-80.03112606,43.12305384,MIDDLEPORT-LT.NRGCS_DRA
-80.02998073,43.12311535,MIDDLEPORT-LT.NRSTORCI_DRA
-80.02981649,43.12313344,MIDDLEPORT-LT.OPG_DRA
-80.0289395,43.12314249,MIDDLEPORT-LT.RODANBTM_DRA
-80.02879695,43.12316737,MIDDLEPORT-LT.RODANCI_DRA
-80.02863271,43.12314475,MIDDLEPORT-LT.STELCO_DRA
-80.02846847,43.12310856,MIDDLEPORT-LT.STEM_DRA
-80.02829803,43.12314249,MIDDLEPORT-LT.UOG_DRA
-80.02812759,43.12312892,MIDDLEPORT-LT.VOLTUS_DRA
-80.0269,48.15552128,KIRKLANDLAKE-LT.KLG
-80.02606305,48.15553716,KIRKLANDLAKE-LT.T34
-80.01972219,45.33391352,SPEEDIERBESS-LT.BATT_TG
-80.01945,45.33376971,SPEEDIERBESS-LT.BATT_LF
-79.97246,43.051329,CALEDONIA-LT_HALD
-79.94405,45.302085,PARRYSOUND-LT.T12
-79.94373992,45.30199052,PARRYSOUND-LT.BATT_TG
-79.94356608,45.30212064,PARRYSOUND-LT.BATT_LF
-79.93613983,43.27069211,DUNDAS-LT.T6_LF
-79.93602,43.270874,DUNDAS-LT.T1_LF
-79.93564246,43.27078236,DUNDAS-LT.T5_LF
-79.93439,43.226622,HORNING-LT.LFB1
-79.92439414,43.26606431,MCMASTER-LT.LFQ12
-79.92419667,43.2658818,MCMASTER-LT.T1_LF_DRA
-79.90826,43.257131,NEWTON-LT.TT_LF
-79.90192,44.20241928,EVERETT-LT.LFBY
-79.86442,46.44943666,CRYSTALFALLS-LT.LFEZ
-79.862,43.257755,ELGIN-LT.T1_LF
-79.85821,43.221518,MOHAWK-LT.T1_LF
-79.85137,44.25872944,ALLISTON-LT.LFT2
-79.85112,43.538631,HALTONMTS1-LT.LFJZ
-79.8493,43.53643,HALTON-LT.LFJQ
-79.84530624,43.56221979,HALTONHILLS-LT.G3
-79.84492692,43.5619834,HALTONHILLS-LT.G2
-79.8446576,43.56182123,HALTONHILLS-LT.G1
-79.84435678,43.18621868,HANLON-LT.T1_LF
-79.84417,43.18803,HAMNEBO-LT.LFJQ
-79.84364331,43.18605049,HAMNEBO-LT.LFBY
-79.84188,43.254185,STIRTON-LT.T1_LF
-79.83279,43.33089,BURLNGTNDESN-LT.LFBJQY
-79.82526,43.26223,BIRMINGHAM-LT.LFBDKY1234
-79.82514,43.26216163,BIRMINGHAM-LT.ALIQ_LF1
-79.82481957,43.26222121,BIRMINGHAM-LT.ALIQ_LF2
-79.82134,43.26236787,GAGE-LT.TT1_LF
-79.81800609,44.35331027,ESSA-LT.NRGCS_DRA
-79.81786174,44.35520038,ESSA-LT.ENERNOC_DRA
-79.81727532,44.35475205,ESSA-LT.ENERCORP_DRA
-79.81680167,44.35630023,ESSA-LT.ENPOWINC_DRA
-79.8161,43.5961,MEADOWVALE-LT.LFEZ
-79.81557921,44.35466497,ESSA-LT.VOLTUS_DRA
-79.81556117,44.35411664,ESSA-LT.NRSTORCI_DRA
-79.81421,44.35496014,ESSA-500:LMP
-79.81338952,44.35427047,ESSA-LT.EDGECOM_DRA
-79.81314783,44.35533263,ESSA-LT.GCPROJECT_DRA
-79.81310882,44.35428187,ESSA-LT.AESLNR1_DRA
-79.80765,43.429467,TREMAINE-LT.LFBY
-79.80452413,43.25953939,KENILWORTH-LT.T23
-79.80451685,43.25917153,DOFASCO-LT.T5_LF
-79.80442159,43.25972653,KENILWORTH-LT.LF8X_DRA
-79.80433867,43.25943762,DOFASCO-LT.T1_LF_DRA
-79.80432062,43.25963309,DOFASCO-LT.T1_LF
-79.80202,43.6804743,PLEASANT-LT.LFBEFJQVYZ
-79.80101,43.25576,DOFKENILWRTH-LT.LF78
-79.79929,43.454702,PALERMO-LT_BURL
-79.79842,42.88236737,GRANDWF-LT.AG_T1
-79.79276,43.255544,HAMBEACH-LT.G_WOODWARD
-79.79214,46.97009401,HERRIDGELAKE-LT.T1_LF
-79.79119087,43.25503473,HAMBEACH-LT.T3_LF
-79.79043,43.353264,CUMBERLAND-LT.LFBQ
-79.76198,43.49867,GLENORCHY1-LT.T1_LF
-79.75614,43.64610012,JIMYARROW-LT.LFA
-79.75566,43.236315,HAMLAKE-LT.LFBJQY
-79.75548,47.07074422,TEMAGAMI-LT.T1_LF
-79.7344,43.407327,BRONTE-LT.T7_LF
-79.73346,43.527781,TRAFALGRDESN-LT.LFBY
-79.72755,44.42881864,MIDHURST-LT.LFBY
-79.7268,43.53177299,CHURCHLLMED-LT.T1_LFB
-79.72315,44.7374131,WAUBAUSHENE-LT.T56
-79.713,47.50474807,LISKEARD-LT.AG_C
-79.7112,44.37189312,MIDHURST-LT_BARRIE
-79.70954,44.37138799,BARRIE-LT.LFEQ12
-79.70921,47.51224493,LISKEARD-LT.AG_A
-79.70902,47.4922495,LISKEARD-LT.AG_B
-79.70262,50.02125582,DETOUR-LT.T2_LF
-79.70127,47.51627342,DYMOND-LT.T34
-79.70073,43.228662,WINONA-LT.T1_LF
-79.69753,47.30517898,HNDCHUTE-LT.AG_M3
-79.69691275,43.76418425,GOREWAY-LT.LFQ
-79.69579795,43.76380416,GOREWAY-LT.LFJ
-79.69547898,43.76372584,GOREWAY-LT.LFBYZ
-79.68931,43.67899708,CARDIFF-LT.LFBQ
-79.68212,43.85271823,KLEINBURG-LT.BJQY
-79.68122,43.69515343,BRAMALEA-LT.LFJQ
-79.68086,43.6956087,BRAMALEA-LT.LFEZ
-79.68046729,43.69632052,EEFW-LT.G1
-79.68044,43.69621755,BRAMALEA-LT.LFBY
-79.68019865,43.74493269,GOREWAYBESS-LT.BATT_TG
-79.68004576,43.74515165,GOREWAYBESS-LT.BATT_LF
-79.6799697,43.69637126,EEFW-LT.G2
-79.67989599,43.74552045,SITHEG-LT.G11
-79.67956107,43.74582922,SITHEG-LT.G12
-79.67922934,43.74611726,SITHEG-LT.G13
-79.67895503,43.74636842,SITHEG-LT.G15
-79.6703,43.58059036,ERINDALE-LT.LFBEJQYZ
-79.66951,43.626272,TRADERSBLVD-LT.L1_LF
-79.66099,43.48629954,FORDOAKVLE-LT.LFAB
-79.65875,43.48167731,OAKVLE-LT.LFEZ
-79.64669,43.80438317,VAUGHAN3-LT.LFA
-79.64632866,43.8038188,VAUGHAN3BESS-LT.BATT_LF2
-79.64626986,43.80395295,VAUGHAN3BESS-LT.BATT_LF1
-79.646194,43.80359569,VAUGHAN3BESS-LT.BATT_TG1
-79.64609917,43.80335341,VAUGHAN3BESS-LT.BATT_TG2
-79.62484,43.62254686,TOMKEN-LT.LFBEYZ
-79.62292,43.87115941,VAUGHAN4-LT.LFA
-79.61751,43.54857068,LORNEPARK-LT.LFBJ
-79.61494,43.7640431,CLAIREVILLE-500:LMP
-79.61069,43.77247414,WOODBRIDGE-LT_VAUG
-79.61068644,43.69152462,GTAA-LT.G_M46
-79.61052215,43.69139332,GTAA-LT.M4546
-79.6102287,43.69150057,GTAA-LT.LF_M12
-79.61017445,43.69126694,GTAA-LT.G_M12
-79.60997823,43.69141372,GTAA-LT.G_M45
-79.603,43.73773152,REXDALE-LT.LFBEZY
-79.58693,43.58381723,COOKSVLE-LT.LFEJQZ
-79.58494,43.12532277,NIAGARAWEST-LT.LFBY
-79.57798717,43.68411453,RICHVIEW-230.REFERENCE:LMP
-79.57780217,43.68346636,RICHVIEW-LT.LFBEJY
-79.57019,42.89764359,DUNNVLE-LT_H1
-79.54892,43.70927514,ISLINGTON-LT.M12_LF
-79.5425,43.78020414,VAUGHAN2-LT.LFAB
-79.53609,43.75470773,FINCH-LT.LFBJQY
-79.53442,43.63369056,MANBYW-LT.LFBYQZ
-79.53129,43.04117,WESTLINWF-LT.AG_T1T2
-79.53089247,44.07580425,YORKCGS-LT.G2
-79.5308223,44.07535052,YORKCGS-LT.G1
-79.53023592,44.07703085,YORKBESS-LT.BATT_TG
-79.53015009,44.07694606,YORKBESS-LT.BATT_LF
-79.52933,44.06558522,HOLLAND-LT.T1_LFB
-79.52078,43.61004293,HORNER-LT.LFBEJQYZ
-79.49032,43.67200902,RUNNYMEDE-LT.T3_LF
-79.47842727,43.8127775,VAUGHAN1BESS-LT.BATT_TG2
-79.47827,43.81051401,VAUGHAN1-LT.LFABCD
-79.4782333,43.81304117,VAUGHAN1BESS-LT.BATT_LF2
-79.47799,43.81301601,VAUGHAN1BESS-LT.BATT_LF1
-79.47795814,43.81283284,VAUGHAN1BESS-LT.BATT_TG1
-79.47583,43.18229975,BEAMSVLE-LT_PENWEST
-79.46921,46.38031699,NORTHBAYGS-LT.AG12
-79.45663,44.04142523,ARMITAGE-LT.LFE
-79.4557,47.13919937,LOWERNOTCH-LT.AG12
-79.45197,44.66979194,ORILLIA-LT.LFBY
-79.45121,43.67038309,WILTSHIRE-LT.TT1_LF
-79.45011,43.76129803,BATHURST-LT.LFBJQY
-79.44284,43.70228066,FAIRBANK-LT.TT1_LF
-79.43549,43.66102742,DUFFERIN-LT.T1_LF
-79.42647102,44.06399985,TWINNEY2-LT.BATT_TG
-79.42645583,44.06390799,TWINNEY2-LT.BATT_LF
-79.42630266,44.06401623,TWINNEY1-LT.BATT_TG
-79.42623051,44.06391526,TWINNEY1-LT.BATT_LF
-79.41965,43.78314926,FAIRCHILD-LT.LFBJQY
-79.41655,43.84001855,RICHMOND1-LT.LFAB
-79.41438,43.1804916,VINELAND-LT_PENWEST
-79.4112,43.63711175,STRACHAN-LT.TT1_LF
-79.40471,43.67672602,BRIDGMAN-LT.LFJ
-79.40055,43.70647395,DUPLEX-LT.T1_LF
-79.40051,43.7194164,GLENGROVE-LT.TT1_LF
-79.39703,43.65681831,CECIL-LT.TT1_LF
-79.38995,43.6452937,JOHN-LT.T2_LF
-79.38701,43.64057321,COPELAND-LT.LFT1
-79.38354,43.65463874,TERAULEY-LT.T1_LF
-79.38254,46.33449075,TROUTLAKE-LT.LFBY
-79.38118,43.66947525,CHARLES-LT.TT_LF
-79.3787,43.91326976,MARKHAMSTRGE-LT.FREG_TG
-79.36713,43.647879,ESPLANADE-LT.TT_LF
-79.36619,43.79473333,LESLIE-LT.LFBJQY
-79.36418,44.22536586,BROWNHILL-LT.LFB
-79.35742,43.66512411,GERRARD-LT.TT1_LF
-79.35624,43.7029918,LEASIDE-LT.LFB
-79.35073,43.87084342,BUTTONVLE-LT.LFQZ
-79.34765,43.84367843,MARKHAM4-LT.LFPR
-79.34363,45.20418544,MUSKOKA-LT.LFBY
-79.34217,43.66679578,CARLAW-LT.T1_LF
-79.33939719,43.64913819,BASINRSVC1-LT.BATT_TG
-79.33936402,43.64930351,BASINRSVC1-LT.BATT_LF
-79.339294,43.64902886,BASINRSVC2-LT.BATT_LF
-79.3392,43.64903666,BASIN-LT.TT1_LF
-79.33907289,43.64895419,BASINRSVC2-LT.BATT_TG
-79.33595,43.83696908,MARKHAM1-LT.LFBY
-79.33302,43.82090068,IBM-LT.LFBY
-79.33141482,43.64883853,PORTLANDS-LT.G1
-79.33077899,43.64913456,PORTLANDS-LT.G2
-79.33037248,43.64931369,PORTLANDS-LT.G3
-79.32576,45.02451,TCPLBRACEB-LT.LF_HONI
-79.3239,43.84528384,BIRCHMNT-LT.G1
-79.31654,43.72128441,BERMONDSEY-LT.LFBJQY
-79.31119,43.84837361,MARKHAM3-LT.LFEJYZ
-79.30033,43.68867909,MAINS-LT.T3_LF
-79.29749,43.80985449,CAVANAGH-LT.LFJQ
-79.2964,43.80993296,AGINCOURT-LT.LFBY
-79.27836,43.70985368,WARDEN-LT.LFJQ
-79.2719,43.13081792,VANSICKLE-LT.T5_LF
-79.27092,43.74728626,SCARBORO-LT.LFBJQY
-79.26469,43.16841175,CARLTON-LT.T1_LF
-79.26434,43.118443,DECEWND1-LT.AG5678
-79.26404,43.11856024,DECEWFALLS-LT.G1
-79.26157,43.11895094,DECEWFALLS-LT.G2
-79.25744,43.85977362,MARKHAM2-LT.LFJQ
-79.24698,42.923052,JBLCAN-LT.T1_LF_DRA
-79.24186,42.88656156,PORTCOLBORNE-LT.TT6162
-79.23948,42.88028188,INCOC2P-LT.T1_LF
-79.23913,42.96297095,CROWLAND-LT.T5_LF
-79.23461,42.997933,ATLASTEEL-LT.T23
-79.2334,43.825211,MALVERN-LT.LFJQ
-79.22998,43.883239,BUROAK-LT.G3
-79.22121,43.77818175,ELLESMERE-LT.LFJQ
-79.21425,42.97075612,ABRASIVE-LT.T1_LF_DRA
-79.21418,42.96888449,PANABRASIVES-LT.T1_LF
-79.20815,43.17612786,BUNTING-LT.T3_LF
-79.20547,43.11510325,THOROLD-LT.T1_LF
-79.1985,43.10679186,THOROLDACI-LT.T61_LF
-79.19825,43.10637518,THOROLDGS-LT.AG12
-79.19811,43.10682036,THOROLDAB-LT.LFB
-79.19775,43.14273088,GLENDALE-LT.TT1_LF
-79.18830106,43.0714153,ALLANBURG-LT.VOLTUS_DRA
-79.18806,43.07254272,ALANBRG28KV-LT_H1
-79.1879561,43.07352205,ALLANBURG-LT.RODANCI_DRA
-79.18724297,43.07214768,ALLANBURG-LT.ENERCORP_DRA
-79.1872278,43.0723555,ALLANBURG-LT.ENERNOC_DRA
-79.18722021,43.07253561,ALLANBURG-LT.ENPOWINC_DRA
-79.18700779,43.07300666,ALLANBURG-LT.NRGCS_DRA
-79.18668158,43.07353036,ALLANBURG-LT.NRSTORCI_DRA
-79.17547,43.81090836,SHEPPARD-LT.LFEJKLQZ
-79.17358,43.04914466,OXYVINYLS-LT.T1_LF
-79.16056,43.04467684,CYANAMIDCAN-LT.T1_LF
-79.14932,43.15344975,NOTL1-LT.T1_LF
-79.13618,43.07722115,KALAR-LT.T1_LF
-79.1221,43.183558,NIAGARALAKE-LT.T1_LF
-79.1181,44.40643374,BEAVERTON-LT.LFJQ
-79.11757681,43.85108311,CHERRYWOOD-LT.ALECTRA_DRA
-79.11696062,43.85036445,CHERRYWOOD-LT.ASHGROVE_DRA
-79.11631105,43.84954793,CHERRYWOOD-LT.DEMAND_DRA
-79.11605843,43.84931045,CHERRYWOOD-LT.DRCTENGY_DRA
-79.11604039,43.84926816,CHERRYWOOD-LT.EDGECOM_DRA
-79.11596411,43.8520046,CHERRYWOOD-LT.ENPOWINC_DRA
-79.11577425,43.84901767,CHERRYWOOD-LT.ENERCORP_DRA
-79.11558028,43.8490014,CHERRYWOOD-LT.ENERNOC_DRA
-79.11523455,43.85140886,CHERRYWOOD-LT.GCPOWER_DRA
-79.11476248,43.85437978,CHERRYWOOD-LT.NORAMPTRENT_DRA
-79.11458545,43.85090208,CHERRYWOOD-LT.GCPROJECT_DRA
-79.11395245,43.85012064,CHERRYWOOD-LT.LFBY
-79.11381834,43.85337015,CHERRYWOOD-LT.NRGCS_DRA
-79.11362,43.85246835,CHERRYWOOD-500:LMP
-79.11346429,43.85465056,CHERRYWOOD-LT.RODANBTM_DRA
-79.11279374,43.8549755,CHERRYWOOD-LT.UOFT_DRA
-79.11274009,43.8538769,CHERRYWOOD-LT.RODANCI_DRA
-79.11271327,43.85167578,CHERRYWOOD-LT.NRSTORCI_DRA
-79.11223047,43.85285952,CHERRYWOOD-LT.SANOFI_DRA
-79.11118441,43.85079376,CHERRYWOOD-LT.OHMCONECT_DRA
-79.11118441,43.85224058,CHERRYWOOD-LT.SOBEYSCI_DRA
-79.11076599,43.85359838,CHERRYWOOD-LT.VOLTUS_DRA
-79.11044949,43.8514282,CHERRYWOOD-LT.STEM_DRA
-79.10911,43.88036011,SEATON-LT.ELEXICON_LF
-79.08956,43.08249274,MURRAY-LT_H1DIST
-79.088,43.08292809,MURRAY-LT_NFHEC
-79.08603,43.12135276,STANLEY-LT.T1_LF
-79.0689132,43.81199148,PICKERINGAPS-LT.AG12
-79.06814187,43.81212122,PICKERINGA-LT.UPT1_LF
-79.06467695,43.81136221,PICKERINGB-LT.G5
-79.06369299,43.81108298,PICKERINGB-LT.G6
-79.0625432,43.81097395,PICKERINGB-LT.G7
-79.06198304,43.810833,PICKERINGB-LT.G8
-79.06045975,43.14464038,BECK2PGS-LT.APG456
-79.06038464,43.14444859,BECK2PGS-LT.APG456_LF
-79.05944587,43.14472649,BECK2PGS-LT.APG123_LF
-79.05939489,43.14491313,BECK2PGS-LT.APG123
-79.04511917,43.1496941,BECK1-LT.G1
-79.0450628,43.14956038,BECK1-LT.G2
-79.04495283,43.149396,BECK1-LT.G3
-79.04492601,43.14927859,BECK1-LT.G4
-79.04485359,43.14915531,BECK1-LT.G5
-79.04482408,43.14901245,BECK1-LT.G6
-79.04469534,43.148897,BECK1-LT.G7
-79.04466315,43.14877176,BECK1-LT.G8
-79.04460146,43.14862499,BECK1-LT.G9
-79.04456927,43.14851932,BECK1-LT.G10
-79.04392491,43.14665711,BECK2-LT.AG1112
-79.04391733,43.1463001,BECK2-LT.AG1314
-79.04390595,43.14578533,BECK2-LT.AG1718
-79.04390595,43.14608146,BECK2-LT.AG1516
-79.04389818,43.14525244,BECK2-LT.AG2122
-79.0438918,43.14552473,BECK2-LT.AG1920
-79.04388244,43.14482998,BECK2-LT.AG2324
-79.04385692,43.14448787,BECK2-LT.AG2526
-79.04223,42.94916426,STATION17-LT.TB1_LF
-79.00198855,43.91589454,WHITBY-LT.LFBEJQYZ
-78.92721,42.90931179,CNP18-LT.T1_LF
-78.90853197,43.85599769,GERDAUCAM-LT.LFB_DRA
-78.90772,43.85628,GERDAUCAM-LT.LFA
-78.90739973,43.85653602,GERDAUWBY-LT.T3_LF
-78.90735913,43.85638314,GERDAUWBY-LT.LFAB
-78.90734,43.86256514,ATLANTIC-LT.LFBY
-78.90716403,43.85621399,GERDAUCAM-LT.T3_LF
-78.903484,43.85995592,WHITBYCGS-LT.G1
-78.88935,43.88121121,THORNTON-LT.LFBY
-78.87352,43.8688058,OSHAWAGM2-LT.LFABCD
-78.85534719,43.92441208,WILSON-LT.LFJQ
-78.85445,43.92442285,WILSON-LT.LFEZ
-78.84261,43.98626974,ENFIELD-LT.T5_LB
-78.76874,44.38685457,LINDSAY-LT.LFBY
-78.72971918,46.37673249,HOLDEN-LT.AG5678
-78.72944828,46.37766143,HOLDEN-LT.AG1234
-78.72898,46.37386595,MATTAWADS-LT.LFB
-78.72730178,43.86968941,DARLINGTON-LT.G1
-78.72680289,43.86978996,DARLINGTON-LT.SG1
-78.72620744,43.86971262,DARLINGTON-LT.G2
-78.72573001,43.86988278,DARLINGTON-LT.SG2
-78.72422,43.86959133,DARLINGTON-LT.G3
-78.72365934,43.86980543,DARLINGTON-LT.SG3
-78.723139,43.86980157,DARLINGTON-LT.G4
-78.72254891,43.86979383,DARLINGTON-LT.SG4
-78.61762,44.98996924,MINDEN-LT.LF3
-78.39206,44.31061136,DOBBINDS-LT.T1_LF
-78.39186,44.30968849,DOBBIN-LT.LFB
-78.39027749,43.9268389,PORTHOPEBESS1-LT.BATT_TG
-78.39002,43.92637527,PORTHOPEBESS1-LT.BATT_LF
-78.2885,44.27962177,OTONABEE-LT.LFBJQY
-78.25962,43.9596026,PORTHOPE-LT.T1_LF
-78.17236,43.97243244,TCPQ6S-LT.TT_LF
-78.17186,43.97199475,TCPP4S-LT.T1_LF
-78.07727,45.38966084,WALLACE-LT.LFQY
-77.84098,44.46299609,HAVELOCK-LT.LFBY
-77.77925,44.37279266,HEALEY-LT.AG_M4
-77.70862,44.11614948,ENBRHILTON-LT.T1_LF
-77.6964375,46.18073212,DESJOACHIMS-LT.AG12
-77.6957047,46.18067897,DESJOACHIMS-LT.AG34
-77.69536197,46.18067386,DESJOACHIMS-LT.AG56
-77.69477233,46.18054883,DESJOACHIMS-LT.AG78
-77.69372885,46.18143636,DESJCHMSDS-LT.T1_LF
-77.59540724,44.13056173,SIDNEY-LT.T1_LF
-77.59529191,44.13072922,SIDNEY-LT.AG_M1
-77.48852,46.08783059,DEEPRIVER-LT.TT_H1
-77.37849,44.19099305,BELLEVLE-LT.LFBY
-77.37831,44.19050031,UNIAVEPG-LT.L1_LF
-77.36286,46.05485417,CHALKRIVER-LT.T1234
-77.36057,44.47468752,LODGEROOM-LT.T12
-77.27496,44.97323008,MAZINAW-LT.LFT1
-77.27209,45.84993073,PETAWAWA-LT.T12
-77.25829,45.88776982,PETAWACRAIG-LT.TT_LF
-77.21904,45.83208607,FORESTLEA-LT.T12
-77.16784,44.74396752,NORTHBROOK-LT.T1_LF
-77.16026348,43.99893583,PICTON-LT.ESSROC_DRA
-77.16019162,43.99883973,PICTON-LT.T12
-77.14378,45.78478816,PEMBROKE-LT_H1
-77.03861,44.343814,STONEMILLS-LT.AG_T1
-76.94347,44.93652642,ARDOCH-LT.T1_LF
-76.91906559,45.6094083,COBDEN-LT.T3_LF
-76.91868,45.60951002,COBDEN-LT.T12
-76.90709795,45.1953801,MTNCHUTE-LT.AG12
-76.90699849,45.19543249,MTNCHUTEDS-LT.17T1_LF
-76.85303975,44.1461024,LENNOX-LT.G4
-76.85288282,44.14720878,LENNOX-LT.G1
-76.85213935,44.14732854,LENNOX-LT.G2
-76.85165003,44.14776675,LENNOX-LT.G3
-76.85127486,44.1488854,LENNOX-LT.RODANBTM_DRA
-76.85072233,44.14835036,LENNOX-LT.NRGCS_DRA
-76.8501494,44.15153,LENNOX-LT.CTG2
-76.85003568,44.14948586,LENNOX-LT.NRSTORCI_DRA
-76.84957434,44.14896623,LENNOX-LT.NRGPEAKS_DRA
-76.84885026,44.15077911,LENNOX-LT.EDGECOM_DRA
-76.84869689,44.15048781,LENNOX-LT.DRCTENGY_DRA
-76.84839014,44.15118045,LENNOX-LT.ENPOWINC_DRA
-76.8480022,44.15284404,LENNOX-LT.CTG1
-76.84671208,44.1498599,LENNOX-LT.ENERNOC_DRA
-76.84520543,44.15057196,LENNOX-LT.ENERCORP_DRA
-76.84401546,44.14842683,NAPANEE-LT.T12
-76.84356995,44.14905378,LENNOX-LT.VOLTUS_DRA
-76.84294198,44.14814104,NAPANEECGS-LT.G3
-76.84247163,44.14830979,NAPANEECGS-LT.G2
-76.84204299,44.14855203,NAPANEECGS-LT.G1
-76.83693535,44.15239932,NAPANEEBESS-LT.BATT_LF1
-76.8368066,44.15242434,NAPANEEBESS-LT.BATT_LF2
-76.83668054,44.15247438,NAPANEEBESS-LT.BATT_TG1
-76.8365652,44.15253211,NAPANEEBESS-LT.BATT_TG2
-76.80536,44.16649164,LAFARGE-LT.T1_LFA
-76.80528,44.16631614,LAFARGE-LT.T1_LFA_DRA
-76.75932,45.24976121,BARRETT-LT.AG13
-76.75762915,45.24949866,BARRETT-LT.AG24
-76.7496,45.59612997,HALEYIND-LT.T1_LF
-76.72497014,44.21073404,DESTEC-LT.G2
-76.72469,44.209846,DESTEC-LT.G1
-76.70988,44.1601,AMHERSTCGS-LT.AG_T1
-76.68352,44.58720259,HINCHINBROOK-LT.T1_LF
-76.67820075,45.58211269,CHENAUX-LT.AG5678
-76.67774731,45.58257041,CHENAUX-LT.AG1234
-76.65654,44.31108202,KINGSTONSF-LT.AG_T1
-76.64028,44.40499331,HARROWSMITH-LT.T12
-76.63973,44.73072594,SHARBOT-LT.T1_LF
-76.56617,44.24167263,GARDINER-LT.LFBJQY
-76.51261,44.25213956,ALCOCAN-LT.TT1_LF
-76.50643932,45.40848249,STEWARTVLE-LT.T67
-76.50612818,45.40866138,STEWARTVLE-LT.AG45
-76.50582241,45.40894572,STEWARTVLE-LT.AG123
-76.50244,44.16569427,WOLFEISLAND-LT.AG_T1
-76.49909,44.2585222,FRONTENAC-LT.T1_LF
-76.38695,44.40924261,BATTERSEA-LT.TT12_LF
-76.34697591,45.41882654,ARNPRIOR-LT.TT1_LF
-76.3464154,45.41898563,ARNPRIOR-LT.AG12
-76.2929,44.66394495,CROSBY-LT.LFABY
-76.23903406,45.47520991,CHATSFALLS-LT.AG_Q4C
-76.23844,45.47515695,CHATSFALLS-LT.AG_230
-76.23746911,45.4750252,CHATSFALLS-LT.AG_115
-76.17266,45.20568631,ALMONTE-LT.LFJQ
-76.17121,45.18573,ALMONTEBESS1-LT.BATT_LF1
-76.17108127,45.18559378,ALMONTEBESS1-LT.BATT_TG1
-76.16959239,45.18680492,ALMONTEBESS2-LT.BATT_LF2
-76.16940745,45.1868081,ALMONTEBESS2-LT.BATT_TG2
-76.00061,44.878774,SMITHSFALLS-LT.LFJY
-75.92264,45.33737,MARCHWOOD-LT.T12
-75.92022,45.33754,SOUTHMARCH-LT.LFQY
-75.87515,45.2839777,TERRYFOX-LT.LFJQ
-75.87406,45.28290175,KANATA-LT.T1_LF
-75.87371,45.29992,BRIDLEWOOD-LT.TT_LF
-75.84281,45.20752,RICHMOND-LT.T1_LF
-75.80731467,45.27516964,FALLOWFIELD-LT.G_POWERTRAIL
-75.80726371,45.27507433,FALLOWFIELD-LT.TT_LF
-75.78404,45.368129,LINCOLNHTS-LT.T1_LF
-75.7798,45.325809,MANORDALE-LT.T12
-75.76742,45.24149182,CAMBRIAN-LT.TOTAL_LOAD
-75.76289,45.353857,WOODROFFE-LT.TT13_LF
-75.76172,45.34548,CENTREPOINT-LT.T12
-75.7414,45.351269,EPWORTH-LT.T12
-75.73295,45.337862,MERIVALE-LT.T1_LF
-75.73275,45.38753,CARLING-LT.TT15_LF
-75.73203,45.21132,MANOTICK-LT.T12
-75.7294,45.405495,HINCHEY-LT.T3_LF
-75.70276,45.41497,LISGAR-LT.T1_LF
-75.70015,44.61981692,BROCKVLE-LT.LFBQ
-75.69485,45.421184,SLATER-LT.T1_LF
-75.6858,45.42996,KINGEDWARD-LT.T3_LF
-75.67439,45.401718,RIVERDALE-LT.T2_LF
-75.66946,45.286161,LIMEBANK-LT.LFJQ12
-75.6589,45.333994,UPLANDS-LT.TOTAL_LOAD
-75.65886,45.334073,NATIONALAERO-LT.T1_LF
-75.65413,45.402975,TAOHSC-LT.AG2012
-75.64773254,45.37140097,ELLWOODRSVC-LT.BATT_TG
-75.64736508,45.37153287,ELLWOODRSVC-LT.BATT_LF
-75.64718,45.37165883,ELLWOOD-LT.LFJQ
-75.64645,45.37225049,ALBION-LT.LFBJQY
-75.63202,45.405314,RUSSELL-LT.T1_LF
-75.61853,45.450087,NTLRESEARCH-LT.TT_LF
-75.60678,45.43012,MOULTON-LT.TT_LF
-75.60139,44.65988599,NUTRITE-LT.T1_LF
-75.59926,45.41495,CYRVILLE-LT.LFJQ
-75.59924,45.28774,GLOUCESTER-LT.T12
-75.59845431,45.38943812,HAWTHORNE-LT.ENERNOC_DRA
-75.59825131,45.38983411,HAWTHORNE-LT.ENERCORP_DRA
-75.59808441,45.38920052,HAWTHORNE-LT.ENPOWINC_DRA
-75.59747544,45.38807272,HAWTHORNE-LT.GCPROJECT_DRA
-75.59734172,45.39014082,HAWTHORNE-LT.RODANCI_DRA
-75.5973,45.38895503,HAWTHORNE-LT.EDGECOM_DRA
-75.59701983,45.38793016,HAWTHORNE-LT.LFB
-75.59701637,45.38973313,HAWTHORNE-LT.VOLTUS_DRA
-75.5969657,45.38767988,HAWTHORNE-LT.NRGCS_DRA
-75.59005,44.66232195,MAITLAND-LT.TT_LF
-75.57843,44.661228,DPNTMTLND-LT.G1
-75.55033,45.46646444,BILBERYCREEK-LT.T12
-75.5165,45.2637,GREELYDS-LT.TT_LF
-75.49136,45.45505093,ORLEANSTS-LT.T1_LFQ
-75.4388,44.81008267,ENBRCARDINAL-LT.T1_LF
-75.43746,45.515638,CUMBERLAND-LT.TT12_LF
-75.43156,45.42901,NAVAN-LT.T12
-75.43136,45.49500705,WILHAVEN-LT.T12
-75.37712971,44.78495006,CARDINAL-LT.AG12
-75.37672,44.78467507,CARDINAL-115.T3_LF
-75.35894,45.26313,RUSSELLDS-LT.TT12_LF
-75.34075,45.190095,MARIONVLE-LT.T1_LF
-75.29073,45.533298,ROCKLAND-LT.T1_LF
-75.26304,45.52841,ROCKLANDEAST-LT.TT12_L
-75.25073,44.88926735,MORRISBURG-LT.T1_LF
-75.2344,45.53474,CLARENCE-LT.T1_LF
-75.21502,45.15270497,CHESTERVL-LT.T1_LF
-75.16304,45.20114625,CRYSLER-LT.AG_T1
-75.14608,45.546665,WENDOVER-LT.T12
-74.98515,45.08379718,NEWINGTON-LT.T1_LF
-74.84996,45.37571,STISIDORE-LT.LFB
-74.80184,45.03899757,STLAWRENCE-LT.LFJQ
-74.78963017,45.01017123,SAUNDERS-LT.AG1234
-74.78935134,45.01011412,SAUNDERS-LT.AG3456
-74.78903603,45.01006253,SAUNDERS-LT.AG5678
-74.78872072,45.01006253,SAUNDERS-LT.AG9012
-74.71119,45.604821,LONGUEUIL-LT.LFJQ
-74.70726977,45.6130663,IVACO-LT.LFY
-74.70702301,45.61307193,IVACO-LT.LFQ
-74.70673467,45.61286649,IVACO-LT.ALF
-74.63162,45.615522,HAWKESBURY-LT.TT12_LF
