licence_no,utility_name,decision,target_licence_no,reason,source_url,decided_by,status
ED-2001-0090,Attawapiskat Power Corporation,exclude_no_rrr,,Remote First Nation distributor; no RRR rows in any of the four tables (2015-2024). Show as not reported; never as zero.,,owner,final
ED-2002-0530,Orillia Power Distribution Corporation,merge_into,ED-2003-0043,Acquired by Hydro One (closed 2020-09-01); integrated 2021-06-01; Hydro One licence ED-2003-0043 amended to include the service area (now the Orillia Rate Zone). RRR reports it inside Hydro One Networks. The KMZ polygon is a legacy licence area.,https://www.spglobal.com/marketintelligence/en/news-insights/latest-news-headlines/hydro-one-completes-acquisition-of-orillia-power-distribution-60178118 | https://www.hydroone.com/abouthydroone/RegulatoryInformation/oebapplications/Documents/HONI_Orillia_Peterborough_2024_Annual_Update_20230817.pdf,owner,final
ED-2003-0037,Hydro One Remote Communities Inc.,exclude_no_rrr,,Remote-communities distributor; no RRR rows in any of the four tables. Show as not reported.,,owner,final
ED-2003-0079,Fort Albany Power Corporation,exclude_no_rrr,,Remote First Nation distributor; no RRR rows in any of the four tables. Show as not reported.,,owner,final
ED-2003-0081,Kashechewan Power Corporation,exclude_no_rrr,,Remote First Nation distributor; no RRR rows in any of the four tables. Show as not reported.,,owner,final
ED-2004-0405,Cornwall Street Railway Light and Power Company Limited (Cornwall Electric),exclude_no_rrr,,"Active OEB-licensed distributor (Fortis-owned; licence current to 2030) with zero hits in all four RRR tables for licence number, Cornwall, Fortis and FortisOntario (agent search; its sibling Canadian Niagara Power does file). Genuine RRR absence.",https://www.oeb.ca/_html/xml/all_Licences_report_File.xml,owner,final
ED-2002-0498,Centre Wellington Hydro Ltd.,relicensed_as,ED-2023-0202,"Same distributor still operating; OEB licence list shows Centre Wellington Hydro Ltd. under ED-2023-0202 (Electricity Distributor, Issued, issued 2023-08-02). Old number ED-2002-0498 is a legacy identifier. Agent-confirmed 2026-09-29.",https://www.oeb.ca/_html/xml/all_Licences_report_File.xml,owner,final
ED-2002-0502,Espanola Regional Hydro Distribution Corporation,merge_into,ED-2003-0024,OEB decision EB-2021-0312 approved amending North Bay Hydro's licence ED-2003-0024 to include the Espanola territory and cancelling the Espanola licence. RRR rows for Espanola may exist for pre-merger years only; where both exist in the analysis vintage sum additive quantities.,https://www.rds.oeb.ca/CMWebDrawer/Record/743172/File/document,owner,final
ED-2002-0545,Lakefront Utilities Inc.,relicensed_as,ED-2023-0262,"Agent search 2026-09-29: OEB licence list shows Lakefront Utilities Inc. under ED-2023-0262 (Electricity Distributor, Issued) — same entity, new licence number. Old number ED-2002-0545 is a legacy identifier. The 2024 Oshawa Power arrangement is an operational partnership, not a merger.",https://www.lakefrontutilities.com/2024/10/29/oshawa-power-and-lakefront-utilities-announce-new-partnership/,owner,final
