effective_from,effective_to,plan,season,period,day_type,start_hour,end_hour,commodity_c_per_kwh,delivery_variable_c_per_kwh,source_url
2024-11-01,2025-10-31,TOU,winter,off_peak,weekday,19,24,7.6,,https://www.oeb.ca/sites/default/files/rpp-price-report-20241018.pdf | https://www.oeb.ca/newsroom/2024/ontario-energy-board-announces-changes-electricity-prices-households-small-businesses
2024-11-01,2025-10-31,TOU,winter,off_peak,weekday,0,7,7.6,,https://www.oeb.ca/sites/default/files/rpp-price-report-20241018.pdf | https://www.oeb.ca/newsroom/2024/ontario-energy-board-announces-changes-electricity-prices-households-small-businesses
2024-11-01,2025-10-31,TOU,winter,mid_peak,weekday,11,17,12.2,,https://www.oeb.ca/sites/default/files/rpp-price-report-20241018.pdf | https://www.oeb.ca/newsroom/2024/ontario-energy-board-announces-changes-electricity-prices-households-small-businesses
2024-11-01,2025-10-31,TOU,winter,on_peak,weekday,7,11,15.8,,https://www.oeb.ca/sites/default/files/rpp-price-report-20241018.pdf | https://www.oeb.ca/newsroom/2024/ontario-energy-board-announces-changes-electricity-prices-households-small-businesses
2024-11-01,2025-10-31,TOU,winter,on_peak,weekday,17,19,15.8,,https://www.oeb.ca/sites/default/files/rpp-price-report-20241018.pdf | https://www.oeb.ca/newsroom/2024/ontario-energy-board-announces-changes-electricity-prices-households-small-businesses
2024-11-01,2025-10-31,TOU,winter,off_peak,weekend_holiday,0,24,7.6,,https://www.oeb.ca/sites/default/files/rpp-price-report-20241018.pdf | https://www.oeb.ca/newsroom/2024/ontario-energy-board-announces-changes-electricity-prices-households-small-businesses
2024-11-01,2025-10-31,TOU,summer,off_peak,weekday,19,24,7.6,,https://www.oeb.ca/sites/default/files/rpp-price-report-20241018.pdf | https://www.oeb.ca/newsroom/2024/ontario-energy-board-announces-changes-electricity-prices-households-small-businesses
2024-11-01,2025-10-31,TOU,summer,off_peak,weekday,0,7,7.6,,https://www.oeb.ca/sites/default/files/rpp-price-report-20241018.pdf | https://www.oeb.ca/newsroom/2024/ontario-energy-board-announces-changes-electricity-prices-households-small-businesses
2024-11-01,2025-10-31,TOU,summer,mid_peak,weekday,7,11,12.2,,https://www.oeb.ca/sites/default/files/rpp-price-report-20241018.pdf | https://www.oeb.ca/newsroom/2024/ontario-energy-board-announces-changes-electricity-prices-households-small-businesses
2024-11-01,2025-10-31,TOU,summer,mid_peak,weekday,17,19,12.2,,https://www.oeb.ca/sites/default/files/rpp-price-report-20241018.pdf | https://www.oeb.ca/newsroom/2024/ontario-energy-board-announces-changes-electricity-prices-households-small-businesses
2024-11-01,2025-10-31,TOU,summer,on_peak,weekday,11,17,15.8,,https://www.oeb.ca/sites/default/files/rpp-price-report-20241018.pdf | https://www.oeb.ca/newsroom/2024/ontario-energy-board-announces-changes-electricity-prices-households-small-businesses
2024-11-01,2025-10-31,TOU,summer,off_peak,weekend_holiday,0,24,7.6,,https://www.oeb.ca/sites/default/files/rpp-price-report-20241018.pdf | https://www.oeb.ca/newsroom/2024/ontario-energy-board-announces-changes-electricity-prices-households-small-businesses
2024-11-01,2025-10-31,ULO,all_year,ultra_low_overnight,weekday,23,24,2.8,,https://www.oeb.ca/sites/default/files/rpp-price-report-20241018.pdf | https://www.oeb.ca/newsroom/2024/ontario-energy-board-announces-changes-electricity-prices-households-small-businesses
2024-11-01,2025-10-31,ULO,all_year,ultra_low_overnight,weekday,0,7,2.8,,https://www.oeb.ca/sites/default/files/rpp-price-report-20241018.pdf | https://www.oeb.ca/newsroom/2024/ontario-energy-board-announces-changes-electricity-prices-households-small-businesses
2024-11-01,2025-10-31,ULO,all_year,ultra_low_overnight,weekend_holiday,23,24,2.8,,https://www.oeb.ca/sites/default/files/rpp-price-report-20241018.pdf | https://www.oeb.ca/newsroom/2024/ontario-energy-board-announces-changes-electricity-prices-households-small-businesses
2024-11-01,2025-10-31,ULO,all_year,ultra_low_overnight,weekend_holiday,0,7,2.8,,https://www.oeb.ca/sites/default/files/rpp-price-report-20241018.pdf | https://www.oeb.ca/newsroom/2024/ontario-energy-board-announces-changes-electricity-prices-households-small-businesses
2024-11-01,2025-10-31,ULO,all_year,mid_peak,weekday,7,16,12.2,,https://www.oeb.ca/sites/default/files/rpp-price-report-20241018.pdf | https://www.oeb.ca/newsroom/2024/ontario-energy-board-announces-changes-electricity-prices-households-small-businesses
2024-11-01,2025-10-31,ULO,all_year,on_peak,weekday,16,21,28.4,,https://www.oeb.ca/sites/default/files/rpp-price-report-20241018.pdf | https://www.oeb.ca/newsroom/2024/ontario-energy-board-announces-changes-electricity-prices-households-small-businesses
2024-11-01,2025-10-31,ULO,all_year,mid_peak,weekday,21,23,12.2,,https://www.oeb.ca/sites/default/files/rpp-price-report-20241018.pdf | https://www.oeb.ca/newsroom/2024/ontario-energy-board-announces-changes-electricity-prices-households-small-businesses
2024-11-01,2025-10-31,ULO,all_year,weekend_off_peak,weekend_holiday,7,23,7.6,,https://www.oeb.ca/sites/default/files/rpp-price-report-20241018.pdf | https://www.oeb.ca/newsroom/2024/ontario-energy-board-announces-changes-electricity-prices-households-small-businesses
2025-11-01,2026-10-31,TOU,winter,off_peak,weekday,19,24,9.8,,https://oeb.ca/sites/default/files/rpp-price-report-20251017.pdf | https://www.oeb.ca/newsroom/2025/ontario-energy-board-announces-changes-electricity-prices-households-small-businesses
2025-11-01,2026-10-31,TOU,winter,off_peak,weekday,0,7,9.8,,https://oeb.ca/sites/default/files/rpp-price-report-20251017.pdf | https://www.oeb.ca/newsroom/2025/ontario-energy-board-announces-changes-electricity-prices-households-small-businesses
2025-11-01,2026-10-31,TOU,winter,mid_peak,weekday,11,17,15.7,,https://oeb.ca/sites/default/files/rpp-price-report-20251017.pdf | https://www.oeb.ca/newsroom/2025/ontario-energy-board-announces-changes-electricity-prices-households-small-businesses
2025-11-01,2026-10-31,TOU,winter,on_peak,weekday,7,11,20.3,,https://oeb.ca/sites/default/files/rpp-price-report-20251017.pdf | https://www.oeb.ca/newsroom/2025/ontario-energy-board-announces-changes-electricity-prices-households-small-businesses
2025-11-01,2026-10-31,TOU,winter,on_peak,weekday,17,19,20.3,,https://oeb.ca/sites/default/files/rpp-price-report-20251017.pdf | https://www.oeb.ca/newsroom/2025/ontario-energy-board-announces-changes-electricity-prices-households-small-businesses
2025-11-01,2026-10-31,TOU,winter,off_peak,weekend_holiday,0,24,9.8,,https://oeb.ca/sites/default/files/rpp-price-report-20251017.pdf | https://www.oeb.ca/newsroom/2025/ontario-energy-board-announces-changes-electricity-prices-households-small-businesses
2025-11-01,2026-10-31,TOU,summer,off_peak,weekday,19,24,9.8,,https://oeb.ca/sites/default/files/rpp-price-report-20251017.pdf | https://www.oeb.ca/newsroom/2025/ontario-energy-board-announces-changes-electricity-prices-households-small-businesses
2025-11-01,2026-10-31,TOU,summer,off_peak,weekday,0,7,9.8,,https://oeb.ca/sites/default/files/rpp-price-report-20251017.pdf | https://www.oeb.ca/newsroom/2025/ontario-energy-board-announces-changes-electricity-prices-households-small-businesses
2025-11-01,2026-10-31,TOU,summer,mid_peak,weekday,7,11,15.7,,https://oeb.ca/sites/default/files/rpp-price-report-20251017.pdf | https://www.oeb.ca/newsroom/2025/ontario-energy-board-announces-changes-electricity-prices-households-small-businesses
2025-11-01,2026-10-31,TOU,summer,mid_peak,weekday,17,19,15.7,,https://oeb.ca/sites/default/files/rpp-price-report-20251017.pdf | https://www.oeb.ca/newsroom/2025/ontario-energy-board-announces-changes-electricity-prices-households-small-businesses
2025-11-01,2026-10-31,TOU,summer,on_peak,weekday,11,17,20.3,,https://oeb.ca/sites/default/files/rpp-price-report-20251017.pdf | https://www.oeb.ca/newsroom/2025/ontario-energy-board-announces-changes-electricity-prices-households-small-businesses
2025-11-01,2026-10-31,TOU,summer,off_peak,weekend_holiday,0,24,9.8,,https://oeb.ca/sites/default/files/rpp-price-report-20251017.pdf | https://www.oeb.ca/newsroom/2025/ontario-energy-board-announces-changes-electricity-prices-households-small-businesses
2025-11-01,2026-10-31,ULO,all_year,ultra_low_overnight,weekday,23,24,3.9,,https://oeb.ca/sites/default/files/rpp-price-report-20251017.pdf | https://www.oeb.ca/newsroom/2025/ontario-energy-board-announces-changes-electricity-prices-households-small-businesses
2025-11-01,2026-10-31,ULO,all_year,ultra_low_overnight,weekday,0,7,3.9,,https://oeb.ca/sites/default/files/rpp-price-report-20251017.pdf | https://www.oeb.ca/newsroom/2025/ontario-energy-board-announces-changes-electricity-prices-households-small-businesses
2025-11-01,2026-10-31,ULO,all_year,ultra_low_overnight,weekend_holiday,23,24,3.9,,https://oeb.ca/sites/default/files/rpp-price-report-20251017.pdf | https://www.oeb.ca/newsroom/2025/ontario-energy-board-announces-changes-electricity-prices-households-small-businesses
2025-11-01,2026-10-31,ULO,all_year,ultra_low_overnight,weekend_holiday,0,7,3.9,,https://oeb.ca/sites/default/files/rpp-price-report-20251017.pdf | https://www.oeb.ca/newsroom/2025/ontario-energy-board-announces-changes-electricity-prices-households-small-businesses
2025-11-01,2026-10-31,ULO,all_year,mid_peak,weekday,7,16,15.7,,https://oeb.ca/sites/default/files/rpp-price-report-20251017.pdf | https://www.oeb.ca/newsroom/2025/ontario-energy-board-announces-changes-electricity-prices-households-small-businesses
2025-11-01,2026-10-31,ULO,all_year,on_peak,weekday,16,21,39.1,,https://oeb.ca/sites/default/files/rpp-price-report-20251017.pdf | https://www.oeb.ca/newsroom/2025/ontario-energy-board-announces-changes-electricity-prices-households-small-businesses
2025-11-01,2026-10-31,ULO,all_year,mid_peak,weekday,21,23,15.7,,https://oeb.ca/sites/default/files/rpp-price-report-20251017.pdf | https://www.oeb.ca/newsroom/2025/ontario-energy-board-announces-changes-electricity-prices-households-small-businesses
2025-11-01,2026-10-31,ULO,all_year,weekend_off_peak,weekend_holiday,7,23,9.8,,https://oeb.ca/sites/default/files/rpp-price-report-20251017.pdf | https://www.oeb.ca/newsroom/2025/ontario-energy-board-announces-changes-electricity-prices-households-small-businesses
