date,name,note
2025-01-01,New Year's Day,
2025-02-17,Family Day,
2025-04-18,Good Friday,
2025-05-19,Victoria Day,Monday preceding May 25
2025-07-01,Canada Day,
2025-08-04,Civic Holiday,first Monday of August
2025-09-01,Labour Day,first Monday of September
2025-10-13,Thanksgiving,second Monday of October
2025-12-25,Christmas Day,
2025-12-26,Boxing Day,
2026-01-01,New Year's Day,
2026-02-16,Family Day,third Monday of February
2026-04-03,Good Friday,
2026-05-18,Victoria Day,Monday preceding May 25
2026-07-01,Canada Day,
2026-08-03,Civic Holiday,first Monday of August
2026-09-07,Labour Day,first Monday of September
2026-10-12,Thanksgiving,second Monday of October
2026-12-25,Christmas Day,
2026-12-26,Boxing Day,
